Country Name,Country Code,1970,1971,1972,1973,1974,1975,1976,1977,1978,1979,1980,1981,1982,1983,1984,1985,1986,1987,1988,1989,1990,1991,1992,1993,1994,1995,1996,1997,1998,1999,2000,2001,2002,2003,2004,2005,2006,2007,2008,2009,2010,2011,2012,2013,2014,2015,2016,2017,2018,2019,2020,2021,2022
Aruba,ABW,0.0002,0.0002,0.0003,0.0003,0.0003,0.0004,0.0005,0.0005,0.0006,0.0006,0.0008,0.001,0.0008,0.0011,0.0012,0.0014,0.0024,0.0024,0.0023,0.004,0.0098,0.0102,0.0092,0.0084,0.0092,0.0106,0.0068,0.0103,0.0105,0.0111,0.0069,0.0081,0.0187,0.0182,0.0172,0.0157,0.0149,0.0134,0.0102,0.0147,0.0139,0.0126,0.0198,0.0252,0.0274,0.0256,0.0243,0.0223,0.0251,0.0279,0.0237,0.0228,0.0237
Africa Eastern and Southern,AFE,54.7683,54.7683,56.2425,64.4083,63.8102,65.7002,73.8111,75.2967,73.7335,77.1416,81.5445,84.428,74.8426,65.1998,64.9875,67.2983,66.2889,68.4967,70.3655,66.7488,68.4877,62.6253,56.1183,48.1231,47.8397,48.854,52.99,56.8498,59.4567,53.4765,53.2967,49.4471,52.8859,54.7695,61.7859,66.5161,64.5701,59.3403,59.3359,76.6731,69.2034,63.7815,64.8991,69.6054,73.9211,70.8232,71.7956,68.4909,77.4344,74.5079,70.019,71.4515,70.5041
Afghanistan,AFG,0.1017,0.1017,0.0948,0.0962,0.1057,0.1117,0.116,0.1496,0.159,0.18,0.1831,0.2669,0.2276,0.2423,0.2614,0.4246,0.4359,0.4619,0.3877,0.3458,0.3186,0.2852,0.0707,0.0675,0.0936,0.0959,0.0873,0.0788,0.0792,0.0919,0.2464,0.1865,0.2811,0.2143,0.1692,0.2456,0.2622,0.6449,1.1581,1.609,1.9248,3.6383,2.8791,2.8687,3.057,2.3943,2.4082,2.9265,2.4124,2.3692,1.6451,1.6959,1.6891
Africa Western and Central,AFW,4.2029,4.2029,4.5856,4.9787,5.3569,5.7594,6.3099,5.9958,6.9582,6.8907,6.9897,7.6953,7.8882,7.9049,6.5962,7.1926,6.089,6.6891,7.2851,6.9442,5.7006,5.7779,6.6052,6.2673,5.9682,5.7808,6.5932,6.2489,6.2766,6.9791,6.8819,6.5963,6.9624,11.57,12.3998,11.4669,11.3682,12.3997,12.4189,10.9712,11.4749,17.4725,16.8895,17.6668,19.2981,19.2789,18.8022,18.1629,19.095,19.9995,19.9958,21.3212,21.2667
Angola,AGO,0.259,0.259,0.3176,0.3583,0.3269,0.3085,0.3076,0.3073,0.4535,0.4131,0.4253,0.4505,0.4256,0.4352,0.7044,0.8509,0.7561,0.8299,0.7928,0.8465,1.7652,1.6286,1.7129,2.1909,1.6278,1.7961,1.8853,1.7373,1.2987,1.4809,1.573,1.6165,1.7761,1.8317,2.1025,1.7157,1.9563,2.267,2.0929,2.1847,2.3378,2.4204,2.2159,1.6228,1.4598,2.2042,2.4791,1.3604,1.9259,1.5063,1.3304,1.4372,1.3173
Albania,ALB,1.3726,1.3726,1.7573,1.0119,1.0847,0.965,0.993,1.0634,1.3251,1.7495,2.6745,2.1749,2.1706,2.5436,2.614,2.5207,2.483,2.7297,2.4559,3.1048,2.1435,1.4156,0.7582,0.5427,0.4638,0.4922,0.4593,0.2408,0.4015,0.4854,0.4722,0.5362,0.4292,0.5035,0.551,0.4509,0.6797,0.6392,0.5007,0.7758,1.0394,1.1115,0.6444,0.5834,0.9151,0.6761,0.6065,1.0967,1.2787,0.9101,0.9816,0.9422,0.948
Arab World,ARB,27.1076,27.1076,29.5437,33.0323,37.7301,41.1406,45.2462,51.3458,58.3238,80.9519,93.5173,103.0079,109.4186,105.6872,84.2757,89.7721,92.646,99.7126,103.5353,113.5555,120.696,126.3526,134.2856,135.5012,140.0373,148.2078,157.2828,154.8591,162.7124,169.4083,167.4161,183.8693,187.4669,185.2505,185.9769,204.0334,215.9577,240.3422,254.996,259.1157,287.172,288.7336,290.9311,298.4254,306.9231,315.1115,308.6031,295.123,282.985,291.0825,278.3208,302.6896,311.4101
United Arab Emirates,ARE,1.9076,1.9076,1.6988,1.9314,1.6651,2.2588,2.7605,6.0016,6.546,7.1241,7.0151,9.1506,9.1283,7.1121,12.9868,16.2715,20.0887,22.9201,22.7092,28.3296,26.6398,33.346,29.5789,29.584,33.9518,36.0618,37.7153,39.9064,39.3589,38.6501,33.6754,41.6038,37.8159,35.9369,33.8928,34.9426,34.0929,42.4555,51.8655,59.9418,63.1461,66.2927,72.9678,76.9141,73.4055,82.1712,84.6104,71.1862,54.3906,69.1833,74.8824,82.1398,81.8512
Argentina,ARG,17.1945,17.1945,15.4046,16.5522,17.7028,16.3693,17.8529,15.7188,17.6191,17.5214,15.9814,14.6163,15.1116,15.3954,17.0442,14.8838,14.9269,17.7553,15.8391,14.7142,14.1054,14.6932,15.7091,15.015,17.5071,17.219,17.7419,20.8077,20.2476,18.2888,17.8694,17.6362,17.0822,19.0046,20.0149,20.4278,22.1229,21.0848,20.6705,17.5483,19.0421,20.7031,19.1857,21.1205,21.5135,21.7092,19.4805,18.9955,20.716,20.51,20.7668,18.2482,18.3682
Armenia,ARM,3.0076,3.3367,3.5427,3.744,3.9098,4.0626,4.1829,4.3218,4.553,4.6851,4.8491,4.6508,4.4022,4.1551,4.0219,3.7963,3.7063,3.8964,3.9715,3.8887,3.8072,3.9912,1.3771,1.9997,0.6364,0.5054,0.4466,0.8514,0.9733,1.0284,0.7229,0.8003,0.7987,0.9878,1.0972,1.3588,1.4368,1.1704,1.3444,0.9617,0.5159,0.5971,0.6657,0.6579,0.5723,0.411,0.4,0.4512,0.4738,0.435,0.4479,0.453,0.3974
Antigua and Barbuda,ATG,0.0008,0.0008,0.0009,0.0007,0.0008,0.0009,0.001,0.0011,0.0011,0.001,0.0013,0.0014,0.0015,0.0011,0.0013,0.0014,0.0023,0.0028,0.0026,0.0033,0.008,0.0074,0.0061,0.0054,0.0056,0.0062,0.006,0.0058,0.0059,0.0063,0.0035,0.0039,0.0094,0.0087,0.0082,0.007,0.0069,0.0062,0.0052,0.008,0.008,0.0092,0.0119,0.0158,0.0173,0.0161,0.0158,0.0132,0.0159,0.017,0.0144,0.0139,0.0144
Australia,AUS,43.6339,44.8827,43.6102,45.3739,45.644,45.735,44.696,45.9788,43.4232,45.482,45.1636,41.9504,40.4399,35.3308,36.4721,38.557,38.5717,39.826,41.0598,42.2886,42.8478,43.1029,42.8171,43.7198,45.4161,46.2112,45.9956,47.4749,47.5997,47.4678,47.9851,47.2622,37.913,44.2656,45.2757,43.7986,42.6593,43.2861,44.7939,41.1785,36.9756,39.5255,40.9997,41.0129,41.0139,37.6898,39.3827,39.471,41.2696,41.2414,40.8664,39.9545,41.0103
Austria,AUT,13.4036,13.5448,13.8914,14.7527,15.9109,14.2497,14.6585,14.3847,14.6496,14.3893,12.9527,10.3911,9.9328,10.174,10.9141,11.3178,10.6523,10.5777,10.8022,10.5135,9.5174,10.0762,9.1412,9.3971,9.2599,9.7075,9.8274,10.9706,10.3086,9.5215,10.6841,10.5406,10.2968,11.0513,11.7129,11.0462,11.2679,10.966,11.2298,10.6035,11.1011,11.2213,11.0351,10.6514,10.314,10.4192,10.7094,10.6354,10.5431,10.6506,10.3208,10.7515,9.7664
Azerbaijan,AZE,14.1245,15.67,16.6377,17.5831,18.3618,19.0794,19.6441,20.2965,21.3822,22.0027,22.7729,21.8414,20.6738,19.5135,18.8879,17.8286,17.4059,18.2985,18.6511,18.2627,16.277,17.0166,9.1348,7.167,6.9035,8.5703,4.4312,3.9276,2.1323,2.5914,2.6721,2.1962,3.0081,2.3824,1.8934,1.6881,1.6206,2.2763,2.6478,1.7459,1.4394,1.7268,2.1791,2.1996,2.3009,2.3247,2.795,1.7469,1.3526,2.3907,3.2474,3.386,3.3168
Burundi,BDI,0.0216,0.0216,0.0219,0.0216,0.0239,0.0237,0.0198,0.0171,0.0181,0.0223,0.0196,0.0204,0.0124,0.016,0.0168,0.0184,0.0214,0.0514,0.0585,0.0575,0.0196,0.0293,0.023,0.0239,0.0259,0.0239,0.028,0.0286,0.0298,0.0286,0.0338,0.0242,0.0223,0.0192,0.0232,0.0198,0.0275,0.0478,0.0272,0.0249,0.047,0.0659,0.0582,0.0565,0.0564,0.0626,0.0586,0.0768,0.1185,0.1343,0.1361,0.1483,0.1516
Belgium,BEL,47.6014,40.9156,43.0524,44.5746,42.922,34.5498,39.3038,37.0297,37.5546,35.7315,33.566,29.5486,28.95,25.7861,28.4365,28.1246,27.1391,26.0887,26.9704,28.4931,28.0993,28.9791,26.7266,24.6411,26.5879,24.8068,24.9401,26.0696,27.077,27.8379,29.1134,30.7001,24.6084,25.0351,22.1137,20.6973,19.9315,18.4554,18.603,16.6687,19.1926,17.7095,17.4183,18.9397,19.0366,18.6671,19.3126,18.5023,19.0366,18.1225,17.0255,17.7812,16.4987
Benin,BEN,0.0124,0.0124,0.0156,0.0093,0.0093,0.0218,0.0249,0.0218,0.0156,0.0187,0.028,0.0311,0.0342,0.0342,0.0156,0.028,0.028,0.0218,0.0249,0.0311,0.0311,0.0187,0.0249,0.028,0.0218,0.028,0.1488,0.1771,0.1371,0.1596,0.1563,0.1527,0.1528,0.1404,0.1468,0.137,0.1342,0.1342,0.1217,0.1497,0.1464,0.1651,0.1589,0.2524,0.4625,0.3952,0.3987,0.3293,0.1191,0.4992,0.5238,0.5447,0.5575
Burkina Faso,BFA,0.0927,0.0927,0.0937,0.0927,0.1025,0.1014,0.0847,0.0731,0.0774,0.0957,0.0839,0.0763,0.0533,0.0598,0.0503,0.0533,0.0726,0.1672,0.1288,0.0977,0.0319,0.0476,0.0407,0.0401,0.0457,0.044,0.0517,0.0862,0.0798,0.0767,0.1006,0.1068,0.1123,0.1323,0.1177,0.1303,0.1427,0.2147,0.2291,0.1986,0.2689,0.3451,0.3911,0.416,0.4198,0.5906,0.4668,0.6003,0.7643,0.8302,0.8412,0.91,0.9523
Bangladesh,BGD,0.9547,0.9547,0.9547,1.2798,1.3471,1.5413,1.5489,1.5536,1.6241,1.6397,2.093,1.932,1.9791,1.5707,1.4152,1.2973,1.4357,1.7727,1.5676,1.611,2.3069,1.512,1.4946,1.4652,1.8976,3.3215,2.9618,3.6265,2.8597,2.8478,3.0433,4.4292,4.7983,5.496,4.1179,4.7015,5.304,5.9968,7.0221,8.1674,9.1856,9.2336,10.2262,10.9195,10.7365,13.8502,15.5011,18.5382,22.4894,16.8514,16.3379,15.3895,16.254
Bulgaria,BGR,9.6197,9.6197,9.5578,9.1366,9.1385,9.2415,8.6669,7.8211,10.4201,10.0563,11.2424,11.9779,12.4,12.1431,12.4771,15.4496,12.6676,12.6362,18.6379,18.1571,12.0882,8.8929,7.3788,6.3972,7.9086,9.0455,8.734,14.1132,11.3679,7.8475,7.9789,7.8663,7.4863,8.0874,7.9834,7.8187,7.9336,8.4077,6.11,3.4962,3.7089,3.6114,3.2713,3.2806,3.3396,3.6545,3.7121,4.3716,4.8173,4.582,4.4131,4.9272,4.9321
Bahrain,BHR,0.4227,0.4227,0.5419,1.3819,2.0672,2.1401,2.1794,2.1771,2.1917,2.2489,2.0473,2.321,2.6486,2.5845,0,0.0026,0.0173,0.0242,0.0232,0.0254,0.0315,0.0295,0.0272,0.0296,0.0319,0.0449,0.0538,0.0705,0.0746,0.0759,0.0815,0.1258,0.1303,0.1179,0.137,0.1709,0.1933,0.2084,0.2391,0.295,0.724,0.787,1.0535,1.7392,2.2289,2.0877,2.1188,1.961,2.1663,2.1911,2.1166,2.1922,2.1922
"Bahamas, The",BHS,0.008,0.0079,0.0089,0.0074,0.0084,0.0094,0.0103,0.0108,0.0113,0.0103,0.0133,0.0163,0.0111,0.0103,0.0098,0.0097,0.0156,0.0166,0.0147,0.0214,0.0528,0.0439,0.0311,0.029,0.0308,0.0377,0.0411,0.0377,0.0429,0.0405,0.0256,0.0294,0.0684,0.0429,0.043,0.0349,0.0384,0.0382,0.0305,0.0337,0.037,0.0371,0.0535,0.0666,0.0705,0.0619,0.0624,0.0656,0.0831,0.0887,0.0752,0.0725,0.0752
Bosnia and Herzegovina,BIH,4.9495,4.9495,4.5109,5.2089,5.5416,5.4318,4.5512,4.8821,4.8726,5.0476,4.8842,5.4095,5.1378,4.6288,4.7727,4.8396,5.2433,3.9988,3.7867,4.151,5.9064,5.7698,3.659,2.7243,0.6538,0.668,0.3473,0.5549,0.4602,0.4326,1.5044,1.3339,1.4903,0.3888,0.8093,1.0679,1.1332,1.2114,1.2764,1.3688,1.6087,1.7884,1.8097,2.2287,2.0126,2.1148,2.0485,2.1849,2.3908,2.2946,1.4083,1.3654,1.3649
Belarus,BLR,6.0199,6.6786,7.091,7.494,7.8259,8.1317,8.3724,8.6504,9.1132,9.3776,9.7059,9.3089,8.8112,8.3167,8.0501,7.5986,7.4184,7.7989,7.9492,7.7836,8.3678,8.1478,5.4709,5.5179,4.1715,3.4059,3.8494,3.8654,4.4393,4.2543,3.2069,3.2574,3.2309,3.6048,3.9085,4.0267,3.9904,4.2658,4.5356,4.2434,4.6652,4.7587,5.117,5.2087,5.3307,4.4569,4.5057,4.6454,4.7588,4.8287,4.7003,4.8113,4.7227
Belize,BLZ,0.0005,0.0005,0.0005,0.0004,0.0005,0.0005,0.0006,0.0006,0.0006,0.0006,0.0008,0.0008,0.0006,0.0008,0.0009,0.001,0.0019,0.0015,0.001,0.0019,0.0061,0.0064,0.0044,0.0039,0.0036,0.0043,0.0035,0.0055,0.0056,0.0061,0.0035,0.0041,0.0088,0.0078,0.0066,0.006,0.006,0.0048,0.0036,0.0058,0.0066,0.0064,0.0084,0.0124,0.0125,0.0136,0.013,0.0135,0.0132,0.0134,0.0114,0.0129,0.0137
Bermuda,BMU,0.0011,0.0011,0.0012,0.001,0.0011,0.0013,0.0014,0.0015,0.0015,0.0014,0.0018,0.0019,0.0016,0.002,0.0021,0.0023,0.0034,0.0047,0.0048,0.0073,0.0123,0.0102,0.0066,0.0067,0.0064,0.0068,0.0067,0.0063,0.0064,0.0068,0.0039,0.0044,0.0104,0.0091,0.0085,0.0076,0.0081,0.0081,0.0063,0.0073,0.0089,0.0066,0.0093,0.0121,0.0169,0.0127,0.0156,0.0136,0.0168,0.0179,0.0165,0.0159,0.0165
Bolivia,BOL,0.4212,0.4212,0.5015,0.4615,0.4969,0.6269,0.7077,0.5633,0.5505,0.4329,0.4025,0.5373,1.0946,1.314,0.9137,0.7099,0.5579,0.3833,0.433,0.5855,0.7644,0.7181,0.7277,0.757,0.8485,0.9359,0.8112,0.8877,0.9849,0.9984,0.8887,1.0698,1.24,1.1328,1.2806,1.2802,1.401,1.8218,1.7229,1.7526,1.7967,1.9935,2.1299,2.3558,2.4212,2.4022,2.3598,2.298,2.2532,2.3216,1.8562,2.0627,2.0627
Brazil,BRA,24.5359,24.5359,26.5715,31.816,34.9418,37.488,43.879,47.9521,52.042,55.9763,56.616,44.8148,43.6687,39.48,38.5321,40.827,43.7481,48.6578,50.4197,49.8991,46.9123,50.3657,51.2181,53.4202,55.3033,59.2985,64.9803,68.8749,70.941,75.529,83.0858,80.9724,83.775,82.7126,85.2595,83.9331,84.161,93.2143,93.3293,83.78,98.0639,106.7004,102.8565,101.5761,100.4706,96.9302,86.8266,92.5951,89.0252,85.5651,79.2935,88.5516,80.42
Barbados,BRB,0.0019,0.0019,0.0021,0.0018,0.002,0.0022,0.0052,0.0046,0.0095,0.0093,0.0118,0.0085,0.0082,0.0106,0.0142,0.025,0.0106,0.0098,0.0086,0.0112,0.0246,0.0232,0.0199,0.0174,0.0163,0.0191,0.0165,0.0175,0.0182,0.0198,0.0105,0.012,0.0273,0.0243,0.0222,0.019,0.0181,0.0152,0.0145,0.02,0.0202,0.0242,0.0284,0.0381,0.0357,0.0344,0.0336,0.0281,0.0348,0.0372,0.0315,0.0304,0.0315
Brunei Darussalam,BRN,0.0674,0.0674,0.0642,0.0545,0.0642,0.0642,0.0706,0.0257,0.0417,0.061,0.125,0.0897,0.1121,0.1282,0.0993,0.1057,0.0929,0.0961,0.1122,0.1218,0.125,0.1346,0.1699,0.1731,0.1859,0.202,0.2308,0.2693,0.1956,0.1668,0.1411,0.1154,0.125,0.1314,0.1186,0.1186,1.8999,1.8468,1.9256,0.968,0.4341,0.471,0.5428,0.417,0.3384,0.4146,0.3237,0.4244,0.3737,0.4043,0.3727,0.3889,0.3954
Bhutan,BTN,0.0006,0.0006,0.0006,0.0006,0.0006,0.0007,0.0007,0.0009,0.001,0.0011,0.0011,0.0034,0.0025,0.0024,0.0024,0.0036,0.0041,0.035,0.0364,0.0371,0.0433,0.0447,0.0465,0.0468,0.0656,0.0818,0.106,0.1369,0.155,0.2311,0.1226,0.1099,0.1229,0.1192,0.1155,0.1345,0.1209,0.1595,0.1823,0.1743,0.1624,0.1792,0.16,0.172,0.1811,0.16,0.1746,0.2361,0.3334,0.3344,0.2603,0.2689,0.2684
Botswana,BWA,0.0159,0.0159,0.0236,0.0335,0.0457,0.0712,0.1682,0.3098,0.2961,0.3216,0.3615,0.4473,0.4298,0.4256,0.4617,0.5013,0.5077,0.5141,0.5504,0.5416,0.5008,0.4884,0.6857,0.6388,0.4789,0.4022,0.5433,0.5462,0.9514,0.8453,0.8574,0.9314,1.0711,0.8993,0.6449,0.9203,0.9951,1.2152,1.1511,1.0584,0.5705,0.5982,0.6661,0.7531,0.785,0.6791,0.6163,0.6282,0.6916,0.6537,0.5734,0.6039,0.7031
Central African Republic,CAF,0.0309,0.0309,0.0312,0.0309,0.0342,0.0338,0.0282,0.0244,0.0258,0.0319,0.028,0.0331,0.0249,0.0299,0.0235,0.0257,0.036,0.0743,0.0536,0.0456,0.0159,0.022,0.0177,0.0182,0.0199,0.0191,0.0227,0.0231,0.0232,0.0223,0.0302,0.0291,0.0292,0.0291,0.0284,0.029,0.0335,0.0349,0.0259,0.0229,0.0297,0.0362,0.0356,0.0205,0.0245,0.0384,0.0348,0.0402,0.0483,0.0527,0.0534,0.0559,0.0522
Canada,CAN,78.2715,77.2233,79.4655,96.5541,100.0919,90.7249,90.4738,94.7741,90.295,95.3618,96.336,87.7378,76.5747,73.5379,78.079,76.9525,76.8695,79.3013,82.1936,82.564,76.3917,74.3446,73.403,73.2928,76.4533,77.574,81.1212,81.063,78.3502,79.0774,82.6027,76.6166,77.8927,81.2451,83.3493,69.1808,66.6779,67.4726,64.9583,57.5643,61.9126,66.043,67.0681,65.0979,64.3625,64.9143,69.5442,70.6514,70.5176,71.2568,66.5566,67.5234,67.1087
Central Europe and the Baltics,CEB,220.7325,223.8894,219.8962,224.7128,231.8542,247.2158,261.0859,278.4469,285.0146,294.4149,296.5121,278.0614,274.4051,272.4661,278.1893,264.9564,265.8904,267.7464,273.9367,268.1229,211.9379,174.2136,135.4978,132.5246,140.2348,157.6253,160.2176,155.0205,133.1361,114.1766,120.1614,113.6044,110.3,109.6784,110.3859,106.2851,104.9529,105.094,96.5223,78.3612,77.8487,79.6953,76.9443,75.8874,75.5674,74.4189,74.4074,79.8255,82.9616,81.0509,78.4144,84.451,80.4779
Switzerland,CHE,9.3033,8.9464,8.7893,9.7107,8.755,7.9961,7.7758,8.1872,8.3354,7.9123,8.5218,9.0064,7.6053,9.8745,8.8317,9.0672,8.2583,7.0906,6.3705,6.2179,6.5385,6.9661,6.6384,6.4838,6.1825,6.4853,6.3167,5.931,5.9638,6.3656,5.7524,6.0707,5.4663,5.758,5.7547,5.7194,6.1011,5.9807,6.0049,5.4761,5.6911,5.3357,5.3927,5.4597,5.3237,5.1038,5.2011,5.1105,4.9343,4.8669,4.7192,4.9264,4.6217
Chile,CHL,6.0652,6.0652,6.221,6.0921,6.4703,5.3514,5.5643,5.8878,6.0535,5.9912,6.2966,5.9932,4.5998,5.2916,5.9005,5.9142,6.3373,6.3264,7.6187,9.173,6.3792,6.6553,7.552,8.0219,7.8562,8.8586,9.5695,12.7698,10.6926,10.2038,10.3338,11.2399,10.4325,10.8345,10.643,10.6115,12.1094,12.0072,12.0806,11.2886,13.7208,13.9661,11.5871,12.8489,13.9677,15.0156,14.9905,14.3946,14.3339,14.4334,13.9628,15.4581,16.1453
China,CHN,380.3015,380.3015,402.1904,412.1365,425.4684,494.5936,523.8179,596.1715,649.7848,637.2734,601.0203,581.1268,611.87,645.2251,710.8215,656.9027,685.9285,732.0833,770.7307,764.4769,745.2034,778.8292,807.8037,861.5358,903.3756,1070.1656,968.6582,961.1279,1023.8162,871.4882,904.0452,958.8384,996.754,1136.1491,1497.9449,1935.7457,2083.3109,2274.3958,2409.72,2601.2422,2844.0733,3004.7693,3042.0335,3068.123,3094.6863,2994.249,2845.901,2691.6092,2783.7304,2785.9275,2887.5307,3017.9785,3027.1016
Cote d'Ivoire,CIV,0.7043,0.7043,0.8356,0.7349,0.8664,1.0036,0.9241,0.5424,0.6426,0.5435,0.6247,0.5186,0.5602,0.7785,0.2038,0.4005,0.4011,0.4149,0.4338,0.4146,0.3957,0.418,0.4176,0.4297,0.4326,0.4499,0.5242,0.613,0.5077,0.7583,0.7452,0.7325,0.6843,0.5207,0.5399,0.3778,0.5329,0.4149,0.5644,1.0567,0.971,0.9131,1.0012,1.2874,1.3292,1.435,0.8018,1.5599,1.2599,1.3203,1.2655,1.3566,1.3841
Cameroon,CMR,0.0809,0.0809,0.0809,0.0716,0.0716,0.0996,0.0622,0.1027,0.1618,0.1462,0.1649,0.2054,0.1991,0.1774,0.1867,0.2116,0.2116,0.1742,0.168,0.1805,0.168,0.1494,0.1369,0.1494,0.14,0.1556,0.1525,0.1556,0.1462,0.1742,0.1929,0.1929,0.2085,0.196,0.196,0.1805,0.2291,0.2858,0.3077,0.3834,0.3616,0.374,0.3896,0.4052,0.4239,0.2192,0.2287,0.2377,0.2475,0.2562,0.2575,0.2695,0.2515
"Congo, Dem. Rep.",COD,1.015,1.015,1.0221,0.8592,0.8634,0.8339,0.9044,0.9144,0.8576,0.7721,0.6597,0.674,0.6392,0.6207,0.6387,0.6334,0.7887,0.8099,0.8209,0.8579,0.8649,0,0,0,0,0,0,0,0,0,0.0436,0.056,0.0685,0.0965,0.112,0.1307,0.14,0.14,0.1369,0.1307,0.1369,0.1369,0.1276,0.1276,0.1276,0.0498,0.0685,0.0505,0.0429,0.0179,0.0036,0.0038,0.0036
"Congo, Rep.",COG,0.1431,0.1431,0.1369,0.1369,0.1151,0.0996,0.1027,0.112,0.0716,0.0653,0.0498,0.0498,0.0529,0.0622,0.056,0.0685,0.0373,0.0591,0.0467,0.0622,0.0436,0.056,0.0498,0.0373,0.028,0.0342,0.028,0.0187,0,0,0.0031,0.0124,0.0062,0.0404,0.0218,0.0218,0.0342,0.028,0.0653,0.056,0.0311,0.0436,0.1231,0.1017,0.0738,0.1172,0.0887,0.1143,0.1088,0.1083,0.0995,0.1041,0.0971
Colombia,COL,5.4424,5.4424,5.1342,5.2756,5.2631,8.6073,9.2227,10.2888,10.4174,9.873,9.8344,9.8147,9.2602,9.7047,9.7545,10.1113,10.4278,11.2938,10.6574,11.4711,12.3694,12.8824,13.2528,14.7254,15.6695,15.3743,16.0746,16.8832,15.5821,14.6599,16.0786,15.8645,15.8765,14.4152,13.8599,14.6179,13.3705,13.7938,15.7359,13.3205,13.7809,17.1918,13.653,16.6312,16.1756,13.8186,14.5516,15.2912,15.715,14.5104,15.8338,12.9573,12.7913
Comoros,COM,0.0093,0.0093,0.0094,0.0093,0.0102,0.0101,0.0085,0.0073,0.0077,0.0096,0.0084,0.0076,0.0053,0.006,0.005,0.0055,0.0035,0.0169,0.0122,0.0104,0.004,0.005,0.0043,0.0039,0.0041,0.0039,0.0044,0.0045,0.0057,0.0054,0.0109,0.0105,0.0107,0.0147,0.016,0.016,0.0208,0.0143,0.0143,0.0162,0.0243,0.0244,0.0244,0.0257,0.0249,0.0293,0.0288,0.0412,0.052,0.0598,0.0606,0.066,0.0675
Cabo Verde,CPV,0.0649,0.0649,0.0656,0.0649,0.0717,0.071,0.0593,0.0512,0.0542,0.067,0.0587,0.0534,0.016,0.0179,0.0184,0.0202,0.0071,0.0171,0.0166,0.0171,0.0055,0.0072,0.0072,0.0066,0.0081,0.0076,0.0099,0.0101,0.0101,0.0097,0.0341,0.0357,0.0389,0.0413,0.0447,0.0724,0.0855,0.1012,0.0985,0.0875,0.1178,0.1527,0.1267,0.1085,0.1261,0.1367,0.1202,0.1412,0.1641,0.175,0.1773,0.1918,0.2007
Costa Rica,CRI,0.3363,0.3363,0.3332,0.4153,0.3125,0.3816,0.3723,0.5238,0.5454,0.535,0.5596,0.6341,0.3775,0.4316,0.4718,0.5558,0.5062,0.52,0.4245,0.627,0.6788,0.648,0.5497,0.5684,0.6489,0.6673,0.6517,0.7017,0.7579,0.7984,0.8577,0.9056,0.7325,0.9603,0.9266,0.9703,0.9948,1.2107,1.1635,1.0323,1.0246,1.1219,1.1001,1.053,1.0419,1.0257,1.2003,1.2706,1.1917,0.9681,1.1107,1.2657,1.343
Caribbean small states,CSS,0.7016,0.7015,0.7602,0.8555,0.7337,0.8975,0.9528,0.9436,0.873,0.7951,0.8694,0.8632,0.5667,0.3616,0.5485,0.5776,0.5208,0.4749,0.5222,0.4482,0.4947,0.4923,0.4406,0.455,0.4977,0.5294,0.5215,0.5557,0.597,0.5128,1.1455,1.1374,0.5708,0.3524,0.3543,0.2783,0.2455,0.3408,0.3244,0.2678,0.2914,0.3112,0.431,0.4247,0.4549,0.4299,0.5928,0.5188,0.5695,0.6907,0.7639,0.9174,0.9237
Cuba,CUB,9.0305,9.0305,8.0466,7.9596,9.5325,8.6893,9.142,10.5579,11.6459,10.4284,10.5435,11.1131,10.5751,13.4305,13.965,11.2069,10.474,11.5368,11.6781,12.3491,10.7743,7.358,6.0541,5.6948,5.9774,6.62,7.3074,9.3487,9.8848,11.2132,10.9735,11.7277,7.8406,5.6601,4.9634,6.3125,7.7273,8.1435,7.1066,6.8166,7.595,6.7614,7.2394,7.2677,4.5711,6.4644,5.1609,5.6776,5.931,5.0135,5.1332,5.1023,5.2003
Cayman Islands,CYM,0.0002,0.0002,0.0003,0.0002,0.0003,0.0003,0.0004,0.0004,0.0004,0.0004,0.0006,0.0007,0.0006,0.0008,0.0009,0.001,0.0018,0.0018,0.0018,0.0022,0.0056,0.0051,0.0043,0.0036,0.0041,0.0045,0.0044,0.0041,0.0041,0.0044,0.0034,0.0039,0.009,0.008,0.0069,0.006,0.0058,0.006,0.005,0.0068,0.0071,0.0087,0.01,0.0132,0.0144,0.0139,0.0132,0.0134,0.0145,0.0189,0.016,0.0154,0.016
Cyprus,CYP,0.3899,0.3899,0.5231,0.5111,0.3245,0.4169,0.5658,0.6403,0.653,0.7368,0.7927,0.6749,0.6445,0.6417,0.6853,0.6462,0.7952,1.0207,1.0541,0.9761,0.799,1.2936,1.127,1.1916,1.2188,1.2392,1.373,1.2917,1.3295,1.3686,1.4024,1.3424,1.3343,1.3724,1.4022,1.011,0.8866,0.9078,0.894,0.7735,0.6773,0.5698,0.4666,0.5386,0.6887,0.6116,0.6033,0.6211,0.5524,0.5609,0.5887,0.6494,0.6698
Czechia,CZE,70.6276,70.6276,68.3181,66.2562,67.602,68.1711,68.9508,73.4191,67.5917,75.8846,68.9796,67.0233,70.1776,69.713,70.0455,71.1748,71.5181,73.4165,71.5287,66.368,46.6792,37.0516,40.0387,33.0108,27.3793,26.5053,25.3712,24.7696,23.2049,19.9098,24.083,22.4022,20.4998,20.6334,20.7536,20.1756,19.7647,18.1131,17.2485,16.6852,13.3168,12.7904,12.5532,11.7614,11.5363,11.6982,11.4419,12.2079,12.4124,11.7076,11.866,12.6912,12.3085
Germany,DEU,252.8687,241.7544,242.7405,261.0156,256.6404,234.6304,233.0988,225.3593,229.0256,236.4664,213.0396,205.3227,185.8307,193.6453,191.3538,194.3069,179.5298,178.1789,180.5689,180.5189,156.1497,133.6055,124.7748,117.548,117.9432,116.6384,110.5177,108.2033,105.9988,101.6852,102.7398,96.4403,95.8432,98.5714,97.0651,94.7715,96.6597,96.0489,99.8683,86.8686,98.3512,97.1816,94.25,93.8048,91.2462,95.1189,93.2194,95.1388,98.3399,93.4304,90.9346,99.3206,93.6107
Djibouti,DJI,0.3091,0.3091,0.3125,0.3091,0.3416,0.3379,0.2825,0.2437,0.2581,0.3189,0.2797,0.2035,0.142,0.1197,0.0838,0.0918,0.0952,0.2198,0.1551,0.3052,0.1016,0.1328,0.1146,0.1058,0.1131,0.1077,0.1213,0.1249,0.1253,0.1204,0.0894,0.083,0.0844,0.094,0.0909,0.0899,0.0936,0.1013,0.1095,0.0899,0.1274,0.1097,0.1347,0.1222,0.1346,0.1324,0.1002,0.0972,0.1178,0.1148,0.1163,0.1267,0.1295
Dominica,DMA,0.0001,0.0001,0.0001,0.0001,0.0001,0.0001,0.0001,0.0001,0.0001,0.0001,0.0001,0.0002,0.0001,0.0002,0.0002,0.0002,0.0003,0.0003,0.0003,0.0004,0.001,0.0009,0.0008,0.0007,0.0009,0.0012,0.0011,0.0011,0.0011,0.0011,0.0007,0.0009,0.0019,0.0019,0.002,0.0017,0.0016,0.0017,0.0012,0.0018,0.002,0.0022,0.0028,0.0036,0.0041,0.0039,0.0038,0.0032,0.004,0.0041,0.0035,0.0034,0.0035
Denmark,DNK,10.9801,9.8412,10.1181,9.2851,7.0799,7.3776,8.3194,8.4374,8.9532,8.9927,8.2602,6.7189,6.0684,5.545,6.2173,6.4103,6.6476,6.2276,5.9681,5.5126,5.4598,5.8883,5.7496,5.6868,5.7281,5.9723,5.8983,5.8161,5.6488,5.7084,5.3901,5.5845,5.1914,5.2232,5.3506,5.157,5.3211,5.1388,4.6425,3.8038,3.9977,3.9796,3.674,3.445,3.4485,3.3877,3.5124,3.7596,3.7497,3.6454,3.6977,4.1716,3.6616
Dominican Republic,DOM,0.664,0.664,0.9082,0.8894,0.7803,0.6558,0.9208,0.8559,1.2238,1.0837,1.2081,1.1931,1.5651,1.2367,1.1614,0.4701,0.7288,0.7857,1.2434,0.9124,0.7962,0.754,0.8388,0.7148,0.9079,0.9833,1.0794,1.2598,1.0202,1.1266,1.2834,1.2657,2.0928,2.0744,1.6239,1.8292,2.4546,2.3181,2.4133,2.4525,2.8404,2.399,2.5674,3.1801,2.8846,2.9669,3.2351,3.2447,3.1818,3.3009,3.1368,3.0743,3.1421
Algeria,DZA,1.0563,1.0563,1.5754,1.8286,1.8111,1.8078,2.0821,2.324,2.6726,3.8214,3.3171,4.0516,5.1198,4.3584,4.4679,5.142,5.5079,5.8739,5.7434,4.7574,5.6752,6.225,6.3095,6.2304,5.9662,6.2619,5.8799,5.294,5.6571,6.0502,6.164,6.2539,6.6153,7.0146,8.0914,8.2085,8.7024,9.7199,10.0815,9.849,10.6854,10.8035,10.0543,10.008,10.2443,10.8126,10.8909,12.0314,12.7468,13.9341,13.2918,14.5654,13.6999
East Asia & Pacific (excluding high income),EAP,454.6827,454.6827,477.5602,488.2379,503.7727,578.0477,612.9613,691.6396,753.1427,750.8152,727.7686,710.1688,745.8763,785.5174,852.5773,801.2781,833.3988,877.4824,918.3344,912.7732,899.6713,932.3744,956.4845,1015.2941,1060.3578,1243.7135,1141.7562,1139.1107,1189.0257,1056.3632,1089.9527,1155.8388,1195.5233,1356.9189,1736.9281,2184.1674,2363.8275,2554.8385,2688.0973,2864.1873,3141.7415,3297.289,3327.0767,3310.4327,3355.1673,3252.4413,3087.2397,2974.1103,3095.4174,3154.1865,3254.4719,3388.3951,3443.4536
Early-demographic dividend,EAR,223.1902,224.5384,238.333,254.7952,271.9609,294.3732,321.0362,333.3667,351.3863,383.7712,408.0058,427.4119,444.7426,441.5015,425.1304,435.511,445.6041,474.7284,476.0436,491.0953,511.8616,517.8491,520.1517,510.5036,532.5963,568.174,588.5299,621.8422,642.3319,649.2508,667.384,657.8602,698.172,729.064,764.4369,817.291,895.1751,946.2687,930.572,986.9404,1112.7552,1168.8456,1122.3844,1129.9757,1190.5348,1198.3763,1194.6789,1279.942,1310.4278,1297.6134,1207.1663,1291.4254,1374.5271
East Asia & Pacific,EAS,782.0232,785.3753,820.1346,860.339,874.9836,921.6706,963.3072,1031.0576,1075.8561,1088.4195,1051.6487,1014.199,1051.7572,1077.7705,1158.9308,1107.7618,1132.9306,1179.2963,1238.4668,1242.0323,1266.7612,1307.2842,1330.0423,1395.7473,1453.8807,1645.9457,1547.2544,1538.1433,1557.8958,1437.1638,1488.4627,1548.6995,1570.6498,1732.4693,2109.1493,2549.7327,2735.8332,2919.7136,3039.2541,3192.3584,3487.824,3654.3675,3677.894,3665.1185,3700.6952,3591.2436,3416.9392,3306.4234,3427.6445,3473.3257,3553.787,3697.1328,3749.7861
Europe & Central Asia (excluding high income),ECA,199.3314,220.7725,236.2485,249.118,259.9091,270.6434,278.891,288.8125,306.7636,314.6677,327.3486,314.5335,300.0216,285.6435,280.0545,265.0604,258.9426,273.6163,279.3287,276.9126,365.9615,372.1608,341.5697,268.9082,208.4407,222.5261,203.4015,193.9436,197.6632,187.2854,189.2206,186.4065,192.982,213.0524,217.9553,197.546,202.1583,216.5257,212.9157,178.8082,199.0437,219.958,209.7264,203.0536,180.5653,157.1927,154.1275,166.4388,170.4366,161.147,165.6317,174.7424,161.2368
Europe & Central Asia,ECS,1471.0028,1449.91,1469.657,1540.317,1545.8316,1492.7631,1537.6617,1557.4284,1580.921,1632.6816,1581.4731,1496.9146,1415.1474,1379.9155,1371.2739,1333.1302,1289.3405,1316.4765,1334.4311,1319.0452,1376.9685,1286.3647,1175.17,1059.1394,984.5694,1052.7414,1007.5068,982.6284,941.0691,913.7966,952.2639,937.5264,926.0051,949.2035,937.4034,904.1413,889.6496,921.9945,899.9601,772.4313,836.3333,857.4192,874.4993,859.3551,848.3989,821.8431,826.6944,842.389,840.7346,847.4255,828.0297,884.0775,830.0757
Ecuador,ECU,0.4763,0.4763,0.4049,0.4212,0.7057,0.7494,0.8563,0.9347,1.0851,1.3194,1.3481,1.4984,1.3801,1.5122,1.4203,1.8258,1.8154,1.9596,1.5847,1.6219,2.4066,2.5293,2.7671,2.4918,2.7834,2.6818,3.0231,3.0612,3.1995,2.9259,2.7309,2.6807,2.9036,2.7794,2.7407,2.8813,2.7219,2.0384,2.3347,2.7029,2.8288,2.8859,3.0619,3.4899,3.7306,3.1911,2.2063,2.0966,3.0357,2.8031,2.6598,3.2475,3.5087
"Egypt, Arab Rep.",EGY,8.4231,8.4231,9.5811,8.1467,9.7021,11.5081,13.6117,13.609,13.1814,14.1369,15.2474,17.0264,18.1794,19.0222,20.7035,20.9016,19.7238,24.8611,24.461,26.4362,26.5942,24.181,25.8065,28.05,20.5144,22.9827,25.3169,26.722,24.7432,26.2914,25.2934,32.8134,30.854,28.6492,23.7163,33.1049,34.2759,39.2256,36.3697,31.5317,31.7686,31.7862,28.1888,31.5858,28.8163,28.6059,31.2326,37.0587,39.9603,31.9974,29.776,35.3422,37.3703
Euro area,EMU,719.5493,672.3661,677.0693,713.6288,714.9964,636.7138,654.5838,644.9798,645.6076,666.6587,618.1765,578.3338,532.37,529.2745,532.1794,529.8603,499.2186,501.1888,503.8101,511.8494,476.0838,446.6939,421.4707,400.8011,409.0385,404.8181,399.684,405.3754,399.1052,391.5587,401.0148,399.726,389.0199,400.0709,383.7553,379.6385,365.8094,366.5587,356.845,298.1979,325.0697,322.7374,311.455,306.4336,296.0139,292.1122,296.9402,292.4173,296.6016,285.4508,272.8846,291.2955,277.6675
Eritrea,ERI,0.032,0.032,0.0221,0.0337,0.0331,0.0232,0.0265,0.0256,0.0199,0.0186,0.0252,0.0462,0.019,0.0195,0.022,0.0259,0.0418,0.0368,0.0414,0.0432,0.0532,0.0584,0.0219,0.0438,0.05,0.0562,0.0468,0.0499,0.0374,0.0438,0.0374,0.0438,0.0406,0.0406,0.0374,0.0312,0.025,0.0219,0.0188,0.025,0.0188,0.0192,0.0192,0.0224,0.0224,0.0224,0.0224,0.0215,0.0222,0.0222,0.0221,0.0241,0.0246
Spain,ESP,57.6114,48.0231,47.5997,54.5613,55.0181,51.8732,54.3802,55.3137,53.5837,53.2456,50.4189,50.3886,43.8475,45.2426,42.1291,41.4551,40.2184,38.9998,41.9615,41.6449,41.0505,42.5807,39.9942,38.4482,41.7466,42.6183,38.9397,44.4877,44.2128,41.3424,47.1885,51.1971,51.2799,53.9866,54.3937,55.1662,43.6661,47.9435,44.654,37.4012,39.372,38.4737,35.5302,34.9172,32.5227,29.4003,31.4987,32.925,33.5762,33.66,30.7695,32.9271,33.8192
Estonia,EST,2.3064,2.5587,2.7167,2.8711,2.9983,3.1154,3.2077,3.3142,3.4915,3.5928,3.7185,3.5664,3.3758,3.1863,3.0842,2.9112,2.8422,2.9879,3.0455,2.9821,3.6017,3.4883,2.0341,1.8776,1.5836,1.5946,1.6788,1.4359,1.2848,0.8907,0.9527,1.142,0.8223,0.9583,0.9646,1.0208,1.0154,1.2976,1.1657,0.7392,0.7773,0.8397,0.8159,1.0576,0.8075,0.6599,0.6825,0.6385,0.6614,0.7268,0.4709,0.4623,0.3158
Ethiopia,ETH,0.2418,0.2418,0.1925,0.2526,0.2469,0.2008,0.213,0.2173,0.208,0.1935,0.2242,0.3279,0.1866,0.1891,0.1893,0.2073,0.2816,0.2843,0.3722,0.4441,0.4965,0.5032,0.2636,0.3923,0.5143,0.5649,0.6097,0.6604,0.7177,0.7087,0.791,0.9592,1.0035,0.9458,1.1131,1.149,1.2285,1.3391,1.3844,1.359,1.7271,2.4708,2.3772,2.9873,3.9482,3.609,4.4783,4.3503,4.8871,5.1432,5.2952,5.7047,5.9978
European Union,EUU,941.7048,893.9497,894.5359,935.5832,938.5005,875.3873,908.332,911.8492,916.9966,947.2039,902.8583,840.4342,790.4855,785.1419,792.9572,778.5991,749.1541,753.157,761.0594,761.6119,669.3095,606.624,551.1428,532.2494,548.0793,563.5567,560.9229,560.194,533.397,508.5192,522.045,514.2159,500.194,510.0818,494.583,483.9498,467.5469,468.3743,449.7908,373.1949,401.2124,400.7568,385.8441,378.9356,367.9804,363.6766,368.1709,368.6912,374.9982,362.8367,347.9048,371.6828,353.9408
Fragile and conflict affected situations,FCS,126.8625,138.3275,145.8816,157.3362,164.5872,171.0217,179.4582,186.2875,194.1762,206.9904,210.8441,203.7402,197.6314,187.346,183.5632,178.4635,173.5038,182.5226,184.9686,183.5137,244.5979,247.5239,238.8062,185.14,150.5758,154.948,146.8435,144.2841,140.1848,138.0725,138.1814,147.3453,149.3504,163.8195,162.7782,142.7153,145.6125,136.5174,133.3444,112.6313,136.3864,143.4324,144.3316,136.9999,132.714,101.6717,94.8686,94.691,102.4759,96.2247,90.6131,95.1531,84.0704
Finland,FIN,11.2094,10.8307,13.4815,14.7208,13.1876,11.7241,12.509,11.9099,13.8934,14.1304,14.035,14.3515,14.5894,13.7294,14.0933,12.6609,12.8317,13.3588,12.6789,14.2194,13.6058,13.1106,12.6898,12.2243,13.4529,11.7635,11.636,11.9322,13.3931,12.7878,10.9546,10.8868,10.5179,10.1963,10.2726,9.769,9.7803,9.4214,8.9936,7.4907,9.0451,8.4003,7.6392,7.4789,7.4477,7.2905,7.3738,7.2859,7.4835,7.1402,6.7192,6.7199,6.0893
Fiji,FJI,0.0285,0.0285,0.0306,0.0302,0.0346,0.0333,0.0336,0.0524,0.0528,0.0665,0.0578,0.1027,0.0738,0.0548,0.0556,0.0706,0.0701,0.0574,0.0491,0.0625,0.0809,0.0717,0.0846,0.0902,0.1143,0.1322,0.1464,0.1562,0.157,0.1936,0.2567,0.2423,0.2133,0.2408,0.3237,0.2682,0.2895,0.2862,0.1913,0.1315,0.2062,0.1424,0.1306,0.1668,0.1857,0.1814,0.1814,0.2065,0.23,0.2472,0.192,0.2003,0.2036
France,FRA,153.4139,134.5833,127.0727,122.8757,127.0042,109.2825,111.8543,110.4499,110.8932,115.8359,110.1974,91.4646,81.9228,80.0789,80.3103,80.3295,75.2885,75.2982,73.2741,73.3902,60.5456,61.0012,61.3738,57.4865,57.1957,59.3715,62.6291,61.6166,58.4677,56.6217,55.4485,59.3442,57.1552,56.6253,53.0819,55.1296,54.8352,54.0272,52.5361,41.2483,45.1047,50.6263,48.1157,49.2023,46.5848,45.0074,46.8934,41.9273,41.0864,39.2288,36.7519,39.5617,36.4312
Gabon,GAB,0.3952,0.3952,0.3827,0.42,0.4107,0.5739,0.9252,0.7818,1.0813,0.9197,0.8395,0.9929,0.8662,0.8986,0.8276,0.7954,0.493,0.4843,0.5858,0.2874,0.1377,0.1954,0.2724,0.308,0.4108,0.449,0.461,0.5099,0.5246,0.4851,0.5239,0.5338,0.3433,0.3558,0.3435,0.5436,0.6295,0.5214,0.6787,0.7746,0.916,1.0347,1.1055,1.2209,1.1951,1.1693,1.2557,0.4936,0.4971,0.5068,0.4852,0.5081,0.474
United Kingdom,GBR,166.3861,156.3969,149.9151,155.5559,139.7004,133.0542,130.4822,129.8659,118.7794,125.6912,98.1568,98.8102,95.816,90.291,86.1209,87.8312,84.6607,86.1226,87.8444,79.018,76.9586,78.9875,70.5781,71.5831,72.5588,69.209,68.0485,66.8656,63.5359,62.4548,62.3226,65.9552,61.5042,61.1397,58.1358,55.0882,54.3583,53.4077,52.1233,43.1062,44.8811,40.171,40.2056,40.8932,40.5721,39.1609,33.1334,33.5814,33.2558,31.7094,29.7533,31.3365,29.8174
Georgia,GEO,5.2415,5.8151,6.1742,6.525,6.814,7.0803,7.2898,7.5319,7.9348,8.1651,8.4509,8.1052,7.6719,7.2413,7.0092,6.6161,6.4592,6.7905,6.9213,6.7772,7.3888,6.7995,4.0425,3.1277,2.138,0.9149,1.2121,0.9435,0.7703,0.6491,0.6547,0.3328,0.2687,0.3546,0.2617,0.2951,0.4307,0.4854,0.6292,0.636,0.5795,1.0322,1.0824,1.9038,1.8019,1.8414,1.7101,1.8783,1.9842,1.7873,1.6647,1.6601,1.6574
Ghana,GHA,0.4082,0.4082,0.4302,0.4332,0.4261,0.4668,0.4574,0.464,0.4237,0.373,0.3734,0.481,0.2688,0.1524,0.3238,0.1848,0.2471,0.2814,0.2782,0.3033,0.2969,0.2934,0.3441,0.3532,0.4068,0.451,0.4951,0.5111,0.585,0.6641,0.6765,0.6511,0.8273,0.8213,0.9013,0.9393,1.0212,1.0372,1.1338,1.3141,1.2617,1.4332,1.6436,1.7013,1.6516,1.7863,1.6778,1.6315,1.9397,2.0401,2.0881,2.2555,2.3508
Guinea,GIN,0.1731,0.1731,0.175,0.1731,0.1913,0.1892,0.1582,0.1365,0.1445,0.1786,0.1567,0.1399,0.0994,0.1137,0.0956,0.0974,0.1388,0.3355,0.2447,0.2007,0.0883,0.0887,0.0785,0.0757,0.0797,0.0757,0.0852,0.0881,0.0895,0.086,0.1606,0.1567,0.1649,0.1853,0.1907,0.2066,0.2376,0.2593,0.2575,0.2547,0.3774,0.438,0.4022,0.3141,0.359,0.4363,0.3964,0.4343,0.5011,0.5342,0.5414,0.5856,0.6129
"Gambia, The",GMB,0.034,0.034,0.0344,0.034,0.0376,0.0372,0.0311,0.0268,0.0284,0.0351,0.0308,0.028,0.0195,0.0219,0.0201,0.022,0.0229,0.063,0.0454,0.0387,0.0126,0.0164,0.014,0.0138,0.0165,0.0147,0.0166,0.0169,0.0181,0.0174,0.0322,0.0325,0.0331,0.0356,0.0372,0.0392,0.0471,0.0519,0.0526,0.0533,0.0688,0.0806,0.0747,0.0657,0.0782,0.0873,0.0738,0.0826,0.0963,0.1048,0.1062,0.1148,0.1202
Guinea-Bissau,GNB,0.0185,0.0185,0.0187,0.0185,0.0205,0.0203,0.0169,0.0146,0.0155,0.0191,0.0168,0.0153,0.0107,0.012,0.0134,0.0165,0.0164,0.0619,0.0515,0.0445,0.0174,0.0227,0.0205,0.0207,0.0215,0.0207,0.0222,0.0238,0.0239,0.0229,0.0242,0.0229,0.0238,0.0298,0.0306,0.0325,0.037,0.0411,0.0391,0.0378,0.0488,0.0552,0.0536,0.0484,0.055,0.062,0.0543,0.0481,0.0559,0.0596,0.0604,0.0653,0.0684
Equatorial Guinea,GNQ,0,0,0,0,0,0,0,0,0.0225,0.0257,0.0257,0.0289,0.0064,0.0096,0.0032,0.0064,0.0096,0.0096,0.0128,0.0321,0.0128,0.0128,0.0128,0.0096,0.016,0.016,0.0289,0.0385,0.0715,0.0582,0.0985,0.0906,0.2735,0.2958,2.2469,2.266,2.2074,2.6394,1.9366,2.4564,2.2902,2.5971,2.546,2.5844,2.5332,2.1687,2.6931,2.631,2.496,2.3995,2.0447,2.2537,2.0422
Greece,GRC,8.6341,6.2032,7.0213,8.0036,7.8594,7.8999,8.6191,8.9847,9.4316,10.3937,9.9876,8.7265,8.6001,9.052,9.3333,9.1287,9.1018,9.5317,9.8804,9.9443,9.6357,9.5306,9.1726,8.9737,8.8928,9.6298,10.3133,10.4305,10.3922,9.3031,10.197,10.3297,9.8922,9.5351,8.7929,8.704,9.0321,10.2108,8.5339,6.4485,6.6682,5.767,5.8285,5.6297,5.9899,6.2992,6.4755,5.2659,5.0777,4.5942,4.1916,4.3497,4.5183
Grenada,GRD,0.0001,0.0001,0.0001,0.0001,0.0001,0.0001,0.0001,0.0001,0.0001,0.0001,0.0001,0.0002,0.0002,0.0002,0.0002,0.0003,0.0005,0.0006,0.0005,0.0007,0.0025,0.0023,0.0019,0.002,0.0022,0.0021,0.0022,0.0027,0.0024,0.0025,0.0015,0.0017,0.004,0.0037,0.0033,0.0029,0.0029,0.0026,0.0022,0.0032,0.0034,0.004,0.005,0.0075,0.0068,0.0065,0.0064,0.0061,0.007,0.0075,0.0064,0.0061,0.0064
Greenland,GRL,0,0,0,0,0,0,0,0,0,0,0,0,0,0,0,0,0,0,0,0,0,0,0,0,0,0,0,0,0,0,0,0,0,0,0.0509,0.0572,0.054,0.0572,0.0604,0.0413,0.1621,0.1938,0.0381,0.0381,0.0223,0.0191,0.0223,0.0258,0.0303,0.0303,0.0274,0.0266,0.0277
Guatemala,GTM,0.8695,0.8695,0.7732,0.689,0.863,0.7141,0.6138,0.6096,0.8554,1.1299,0.7985,0.5848,0.4738,0.4547,0.448,0.4479,0.517,0.5719,0.6345,0.6791,0.7107,0.7612,0.842,1.0407,1.092,1.285,1.222,1.2538,1.2921,1.1295,1.295,1.3406,1.0297,1.0793,0.9418,1.4574,1.5726,1.8933,1.4813,1.2682,1.3427,1.6815,1.6716,1.7188,1.819,1.9802,2.0362,1.9455,1.9449,1.7654,1.9924,2.2705,2.4095
Guyana,GUY,0.6858,0.6858,0.7426,0.8409,0.7172,0.8791,0.9298,0.9203,0.8441,0.768,0.8346,0.8283,0.5394,0.3332,0.5173,0.5333,0.4792,0.4348,0.4855,0.3967,0.365,0.3777,0.3523,0.3745,0.4155,0.4345,0.4281,0.4629,0.4979,0.4121,0.4184,0.3962,0.3804,0.1933,0.1933,0.1266,0.0918,0.1965,0.1901,0.1203,0.1298,0.1551,0.2247,0.1962,0.212,0.2025,0.3257,0.2763,0.3119,0.3947,0.4958,0.6262,0.6262
High income,HIC,2804.1862,2550.1612,2589.4486,2728.4131,2667.9561,2436.7505,2527.5731,2591.0974,2551.7794,2703.3566,2601.7359,2487.5416,2285.9804,2179.471,2236.1486,2208.7809,2142.3427,2176.7892,2239.4084,2201.2541,2137.3929,2016.1174,1886.94,1865.9952,1879.882,1902.4135,1889.3081,1886.8979,1821.3836,1806.4783,1930.473,1888.6806,1810.2608,1812.5262,1823.2734,1761.8214,1776.6199,1795.5299,1767.3354,1584.8376,1738.8847,1725.1772,1750.6677,1751.0061,1770.2952,1771.6229,1770.4952,1746.5083,1746.3079,1750.4005,1692.5154,1779.7956,1757.3509
"Hong Kong SAR, China",HKG,2.5397,2.5397,2.4394,2.117,3.5576,2.9922,3.8187,4.592,4.6527,2.68,2.2324,2.3196,2.9643,2.9873,3.3866,2.9148,3.2305,3.4697,4.1541,4.0045,3.0424,2.219,3.7649,3.0268,3.3555,2.9729,2.6881,2.6406,4.4356,5.885,4.2909,3.7751,2.9272,2.8978,1.8589,1.8065,1.8325,2.2483,2.5553,2.0998,1.8953,1.811,1.7624,1.8344,1.8216,2.1092,2.2609,2.5552,2.4439,2.5134,2.414,2.1801,1.8698
Honduras,HND,0.2831,0.2831,0.3179,0.3463,0.3804,0.4086,0.4123,0.4417,0.483,0.5484,0.5394,0.4633,0.4267,0.5157,0.6071,0.5133,0.4887,0.5812,0.6878,0.8133,0.7564,0.7591,0.7817,0.7642,0.7785,0.7498,0.9183,0.7132,0.7828,1.0059,1.0447,1.1988,1.1974,1.4362,1.7335,1.6997,1.9795,1.8835,1.8443,1.7375,1.812,2.5368,2.9355,1.9856,1.4847,1.558,0.9891,1.0662,1.0024,1.1586,0.8179,0.9321,0.9891
Heavily indebted poor countries (HIPC),HPC,11.3205,11.3205,11.9981,13.1515,13.2162,12.6618,13.2864,11.881,10.8316,10.4025,10.6509,10.3647,9.515,9.5477,8.6819,8.7658,8.9608,9.7515,9.6157,9.6174,9.7868,9.2176,8.693,8.2107,8.9755,9.0882,9.1361,10.1833,10.5649,11.5044,11.4115,12.0313,12.8078,12.8218,14.0137,14.3946,15.6162,17.476,18.1123,20.2121,22.6884,26.9739,27.5261,26.9027,29.6518,29.1234,28.5588,30.4005,31.1835,32.5995,31.0162,33.4347,34.7177
Croatia,HRV,4.8036,4.8036,4.3781,5.0555,5.3784,5.2718,4.4171,4.7382,4.7291,4.8989,4.7404,5.2501,4.9865,4.4924,4.6321,4.697,5.0888,3.881,3.6752,4.0288,5.3202,3.4138,2.9352,2.7766,2.9177,2.675,2.6546,3.0079,3.0056,2.7842,2.8959,3.0771,2.9582,3.0003,3.4156,3.5171,3.6582,3.6594,3.6883,3.0007,2.8381,2.6299,2.2902,2.2672,2.2223,2.1485,2.146,2.3134,2.3336,2.3223,2.3334,2.349,2.3701
Haiti,HTI,0.1507,0.1507,0.1633,0.1601,0.1974,0.1728,0.2693,0.2537,0.2724,0.2318,0.2099,0.079,0.1951,0.2474,0.2579,0.275,0.1824,0.1888,0.2175,0.1992,0.1837,0.2159,0.2245,0.1304,0.019,0.1393,0.1555,0.2458,0.3056,0.3533,0.2501,0.2501,0.4451,0.4336,0.3621,0.3813,0.3877,0.5091,0.5091,0.4584,0.5292,0.554,0.355,0.4771,0.676,0.5956,0.602,0.6095,0.6185,0.6277,0.607,0.5849,0.607
Hungary,HUN,14.9438,15.9979,16.5448,17.4806,18.1504,17.1062,18.1565,18.6096,19.4428,19.5266,19.1186,18.0364,17.9027,17.4247,17.8615,17.3277,16.9031,16.6833,15.9814,15.7317,14.0588,11.757,9.4664,8.8735,8.3855,8.2979,8.5409,6.8765,6.4258,6.2113,5.7624,5.999,6.0558,5.9044,5.8114,5.9292,5.7667,5.6738,5.556,4.0868,4.3599,5.7238,4.9716,5.6403,5.393,5.7934,5.8604,6.499,6.7811,6.6338,6.5992,6.9439,6.3821
IBRD only,IBD,1087.0915,1125.06,1182.03,1237.2037,1292.1965,1417.18,1505.0536,1620.9746,1727.9972,1755.6542,1766.4346,1712.6419,1721.5728,1727.2652,1796.9373,1714.1339,1748.6905,1849.4881,1908.472,1919.8638,2018.7977,2013.2024,1972.827,1935.79,1926.3607,2181.6712,2069.4871,2084.6622,2104.9146,1949.642,2020.8491,2071.9841,2142.3077,2306.7867,2726.8162,3199.6173,3414.9469,3691.4794,3832.1135,3998.857,4392.7842,4644.278,4683.8064,4719.6774,4786.8438,4647.2803,4496.2652,4429.2857,4555.6574,4595.8797,4621.739,4865.7465,4910.6228
IDA & IBRD total,IBT,1116.9338,1155.4096,1213.1713,1271.3114,1328.7192,1454.8154,1544.5993,1660.4086,1768.1808,1798.9814,1808.9687,1756.8175,1766.1833,1770.8758,1839.9099,1758.6382,1793.014,1897.2139,1957.0519,1966.809,2070.8617,2063.297,2021.6707,1984.3716,1975.0308,2245.3901,2130.9844,2143.7956,2173.8917,2022.377,2094.2029,2147.1915,2221.4658,2398.1829,2818.7208,3295.4803,3517.2993,3801.5778,3939.0637,4101.2757,4503.2355,4763.2523,4797.7932,4829.011,4904.9098,4769.8945,4622.9776,4573.047,4707.4924,4736.2853,4757.7393,5010.2665,5052.5073
IDA total,IDA,29.8423,30.3496,31.1413,34.1077,36.5227,37.6354,39.5457,39.434,40.1836,43.3272,42.5341,44.1756,44.6105,43.6106,42.9726,44.5043,44.3235,47.7258,48.5799,46.9452,52.064,50.0946,48.8437,48.5816,48.6701,63.7189,61.4973,59.1334,68.9771,72.735,73.3538,75.2074,79.1581,91.3962,91.9046,95.863,102.3524,110.0984,106.9502,102.4187,110.4513,118.9743,113.9868,109.3336,118.066,122.6142,126.7124,143.7613,151.835,140.4056,136.0003,144.52,141.8845
IDA blend,IDB,9.932,9.9643,10.4141,12.0981,11.7756,12.7424,13.6576,13.9391,15.2206,15.7781,15.9343,18.2407,20.0234,19.4393,19.3388,21.4486,21.0263,23.1458,24.8365,26.0172,27.7335,27.2095,30.1427,30.8399,29.3029,44.1993,40.9598,36.9559,45.6422,47.5443,47.7377,47.5453,51.046,59.5163,62.5278,63.4824,68.0351,72.3439,66.9339,61.5064,62.9985,68.2182,61.1127,57.838,62.3071,64.9837,70.968,77.822,77.8373,71.4979,69.3601,75.6118,70.7174
Indonesia,IDN,4.9213,4.9213,5.3068,5.7037,6.1212,7.7564,7.954,9.8719,13.0747,16.2659,19.7379,21.1547,21.1033,21.89,19.004,24.0509,28.1823,26.0105,27.8369,26.0997,27.813,27.6648,29.1469,32.1905,37.8387,46.7413,46.8809,50.9002,47.6315,61.2391,57.943,62.206,58.9849,74.6717,80.2599,81.3005,104.6408,111.1971,91.569,100.2476,126.1734,136.2083,119.4215,79.3842,89.5492,101.2727,85.3782,98.1386,112.0735,147.0065,131.0498,131.0823,180.4691
IDA only,IDX,19.9103,20.3853,20.7272,22.0096,24.7471,24.893,25.8881,25.4949,24.963,27.5491,26.5998,25.9349,24.5871,24.1713,23.6338,23.0557,23.2972,24.58,23.7434,20.928,24.3305,22.8851,18.701,17.7417,19.3672,19.5196,20.5375,22.1775,23.3349,25.1907,25.6161,27.6621,28.1121,31.8799,29.3768,32.3806,34.3173,37.7545,40.0163,40.9123,47.4528,50.7561,52.8741,51.4956,55.7589,57.6305,55.7444,65.9393,73.9977,68.9077,66.6402,68.9082,71.1671
India,IND,63.645,63.645,66.7334,65.2338,70.8408,77.4868,82.7134,85.0868,82.8403,83.4442,83.3372,88.876,101.7162,102.6711,112.9777,114.0935,133.0815,134.9778,137.8077,148.0398,149.1103,153.2047,156.654,154.5326,164.337,156.7003,156.9249,173.1349,182.5838,187.7992,192.2747,193.9797,207.6702,198.4246,208.2556,232.619,260.3072,295.2585,308.1789,355.5846,398.0158,443.406,431.9004,469.3858,500.5302,503.0969,524.0355,555.4623,565.2894,549.3496,501.3189,557.7164,583.4082
Ireland,IRL,4.4863,5.3538,5.1919,4.8146,5.2313,4.3917,4.3999,4.7041,4.2465,5.7173,5.7929,5.8258,5.3832,5.2032,5.74,5.8049,5.0937,5.8555,5.1086,5.373,4.1245,4.2091,3.9028,4.0586,4.2523,4.23,4.0524,4.3814,4.3143,4.4806,5.1857,5.1445,4.8093,4.9786,5.0451,5.2234,5.1781,4.7726,4.5926,3.4536,3.5373,3.0967,3.143,3.3081,3.5579,3.589,3.7224,3.8741,4.091,4.0286,3.9024,3.9588,4.1402
"Iran, Islamic Rep.",IRN,8.9235,8.9235,9.7238,11.5231,12.6517,14.3484,16.3869,18.3748,17.3628,18.5904,18.5559,19.3826,22.2051,25.2951,27.2031,28.5326,26.5556,30.1081,30.3479,36.6728,37.3468,45.8963,44.8795,36.5129,41.5204,43.3622,37.2958,42.6352,38.3045,42.7971,43.4501,43.7283,44.9633,48.9934,51.8076,58.0023,61.5289,74.762,79.5548,78.5102,84.2598,84.6454,87.4257,87.3124,93.0592,88.4425,91.8705,96.5025,99.6778,98.9586,99.0323,98.9054,97.6682
Iraq,IRQ,1.4729,1.4729,1.5884,1.9084,2.0528,2.7893,3.6188,3.4311,3.7581,4.6387,4.1005,4.1339,4.962,4.5399,4.8789,5.7692,5.6529,5.983,7.6074,8.3174,7.7952,6.8934,8.6807,9.6029,10.3539,10.1616,10.306,9.8029,9.7613,10.085,10.4597,10.8534,9.8192,7.0421,7.4566,7.0006,6.7426,8.0505,6.7228,7.0938,7.5451,8.3732,14.1093,12.1987,9.0814,7.9442,8.316,8.8288,10.4551,11.711,10.4622,10.9891,12.1689
Iceland,ISL,0.2004,0.2748,0.3057,0.3522,0.3956,0.3056,0.3518,0.3737,0.4511,0.5189,0.5225,0.426,0.4067,0.4659,0.5839,0.5803,0.5852,0.5279,0.5623,0.5436,0.5503,0.4841,0.4701,0.4811,0.5567,0.52,0.6348,0.6415,0.6304,0.581,0.7648,0.7856,0.8243,0.7721,0.8376,0.7981,0.7282,0.7024,0.6145,0.5119,0.4939,0.4713,0.4963,0.5459,0.5962,0.5202,0.1388,0.1298,0.1016,0.0813,0.06,0.06,0.08
Israel,ISR,2.4197,2.4197,2.4713,2.8518,2.7303,2.9047,2.8921,2.8704,3.1469,3.1001,2.9531,3.1125,3.2766,3.1243,3.2612,3.4096,3.5743,3.7852,3.7961,3.6493,3.1768,3.1525,1.6289,2.3547,2.6587,2.9276,2.8099,1.9145,1.6826,1.5407,1.4734,1.3097,1.2889,1.0252,0.8804,0.8234,0.8929,0.9768,1.693,2.0224,3.0192,0.8543,1.31,4.926,5.1337,4.5219,4.1608,4.9674,4.325,4.998,4.2534,4.385,4.4938
Italy,ITA,91.5665,92.8572,95.7184,100.3548,102.7469,89.7848,96.2353,94.39,83.9415,87.8666,85.2303,80.3735,75.2063,71.3312,72.0015,70.7331,66.2508,69.0286,70.9247,74.8084,74.0262,69.9427,67.7874,65.8089,67.5231,68.5184,66.8963,68.981,68.7186,71.9134,73.3512,70.8697,69.9564,76.4634,68.2822,66.4678,61.7613,60.5409,56.9598,43.2246,45.7961,45.0334,43.3178,38.0845,35.1245,34.8515,34.6538,31.923,32.2262,31.171,29.4835,31.868,31.3631
Jamaica,JAM,4.4793,4.4793,4.5074,4.9334,5.1476,4.1737,3.6568,4.3263,4.6077,4.4448,4.3055,4.233,3.0349,2.9329,2.7612,0.9541,1.095,0.9824,1.0706,1.7238,3.7373,3.8826,2.9001,1.803,2.6134,1.4219,1.7376,1.6659,1.7915,1.9314,1.9864,2.0149,1.904,1.9216,3.1461,3.2436,5.1577,5.1172,3.9982,1.9346,1.6327,1.973,1.8927,2.5069,2.3225,2.093,2.219,1.8061,2.8157,2.3212,1.2953,1.2982,1.304
Jordan,JOR,0.1492,0.1492,0.1398,0.2332,0.1616,0.1875,0.2217,0.2372,0.3648,0.371,0.5898,0.7765,0.957,1.1281,1.0223,1.2059,1.3466,1.3112,1.1931,1.1958,1.3036,1.15,1.3005,1.2942,1.6541,1.7389,1.7455,1.8489,1.9934,1.9861,2.1679,2.0632,2.0818,2.1428,2.6013,2.95,2.9966,2.9638,2.6105,2.6595,2.3042,2.0753,2.1778,1.9,2.3552,1.8396,2.1576,1.6442,1.6227,1.5726,1.5218,2.4051,2.4384
Japan,JPN,260.1743,262.2554,275.6409,300.1577,296.4318,269.3402,273.2401,261.073,243.6536,253.733,241.0202,224.1703,229.316,220.6005,233.2585,231.3744,222.9639,220.6006,231.1588,236.407,262.5126,261.0503,256.5224,255.039,257.6587,262.6696,261.6849,254.9758,231.986,234.9562,239.4498,233.8921,236.3887,233.0871,232.2343,234.0927,234.627,231.4488,211.4581,199.6983,211.3588,217.8704,214.0257,214.8322,208.4961,200.8594,194.2191,194.8665,193.9366,186.8585,170.5474,178.4867,177.7894
Kazakhstan,KAZ,44.5889,49.4677,52.5226,55.5071,57.9654,60.2306,62.0134,64.0728,67.5003,69.4591,71.8903,68.9498,65.2641,61.601,59.6262,56.2821,54.9477,57.7655,58.8787,57.6524,80.9728,85.4626,88.701,75.8184,60.428,59.4433,49.4267,43.5612,43.1448,36.001,21.2435,27.7842,20.8465,26.1512,33.5543,38.4177,27.3823,39.0294,67.557,52.6913,57.4678,69.243,63.6991,69.8886,48.5805,38.5328,38.4192,37.7305,32.89,27.5844,28.5291,30.1139,32.3037
Kenya,KEN,0.6146,0.6146,0.6585,0.6489,0.6618,0.7074,0.8952,0.9877,0.9234,1.0041,0.9104,1.1139,1.0692,0.9413,1.1617,1.1695,1.1672,1.3975,1.3525,1.3189,1.414,1.404,1.4765,1.5672,1.5451,1.5456,1.7692,1.5431,1.413,1.2846,1.501,1.6243,1.7932,1.5416,1.7173,1.8919,2.322,2.1783,2.2569,2.1249,2.4855,2.902,2.1016,2.4594,3.1873,3.5947,3.7186,3.5759,2.9874,2.6137,2.7031,2.8757,3.1187
Kyrgyz Republic,KGZ,4.341,4.816,5.1134,5.4039,5.6433,5.8638,6.0374,6.2379,6.5715,6.7622,6.9989,6.7127,6.3538,5.9972,5.8049,5.4794,5.3495,5.6238,5.7322,5.6128,8.4459,7.5602,3.3845,2.9186,2.6488,0.5584,1.0064,1.0562,1.17,1.1481,0.839,0.6189,1.4879,1.6803,1.5899,0.7419,0.7278,0.9655,1.0457,0.4326,0.6496,0.5682,1.5244,0.7368,1.4027,1.7674,0.8248,0.7978,1.1294,0.8392,0.4551,0.5014,0.4999
Cambodia,KHM,0.004,0.004,0.005,0.0048,0.0057,0.005,0.0049,0.0092,0.0088,0.0121,0.0092,0.0219,0.0151,0.015,0.015,0.0201,0.0174,0.019,0.0196,0.0179,0.0194,0.0211,0.0242,0.0239,0.0405,0.029,0.0418,0.045,0.0546,0.0579,0.0708,0.074,0.0838,0.0934,0.1032,0.1258,0.1355,0.1452,0.1485,0.1677,0.653,0.6651,0.6702,0.628,0.5186,0.4309,0.7192,0.815,0.7806,0.8334,0.9791,1.0164,1.0237
Kiribati,KIR,0.0004,0.0004,0.0005,0.0005,0.0006,0.0005,0.0005,0.001,0.0009,0.0013,0.001,0.0022,0.0014,0.0012,0.0005,0.0007,0.0006,0.0008,0.0008,0.0007,0.0008,0.0008,0.0009,0.0009,0.0015,0.0016,0.0016,0.0016,0.0016,0.002,0.0055,0.0044,0.0068,0.0068,0.0078,0.0099,0.0107,0.0107,0.0107,0.0075,0.0077,0.0069,0.0064,0.0077,0.0076,0.0073,0.0082,0.0096,0.0104,0.0111,0.0086,0.009,0.0091
St. Kitts and Nevis,KNA,0.0001,0.0001,0.0001,0.0001,0.0001,0.0001,0.0001,0.0002,0.0002,0.0001,0.0002,0.0002,0.0002,0.0002,0.0002,0.0003,0.0004,0.0003,0.0003,0.0004,0.001,0.0012,0.001,0.0011,0.0013,0.0011,0.0013,0.0012,0.0012,0.0013,0.0013,0.0015,0.0036,0.0032,0.0032,0.0025,0.0024,0.0022,0.0018,0.0027,0.0029,0.0034,0.0042,0.0056,0.006,0.0056,0.0056,0.005,0.0059,0.0063,0.0053,0.0051,0.0053
"Korea, Rep.",KOR,15.7284,15.7284,15.1589,18.5432,19.4385,19.9485,22.7706,21.9018,25.2253,29.9278,29.3162,29.5923,27.3355,27.6412,27.2168,27.2701,28.5685,31.5522,36.4537,39.6238,51.4382,61.1462,63.0153,70.9773,79.1766,82.7857,87.4081,86.4862,77.6459,85.2217,95.8626,96.543,85.9887,83.0838,80.6835,74.08,79.0932,73.3929,77.5709,69.2411,78.454,80.1331,76.331,77.0142,72.2263,76.2738,73.0029,72.0681,72.131,65.499,64.0171,66.4266,65.2905
Kuwait,KWT,2.6897,2.6897,2.9345,3.1323,2.9642,2.692,2.8952,3.0221,2.9755,4.2916,4.3807,4.5267,5.4283,5.9585,4.9566,6.1803,6.614,5.9669,7.9799,10.2416,4.0584,0.9935,5.2559,7.1695,6.183,6.0057,4.6682,4.269,6.466,5.4589,7.6149,7.1195,6.6677,8.423,7.9945,11.5216,10.5987,7.4446,9.1879,9.8023,10.4925,11.9405,11.8511,12.2812,9.7338,11.095,11.4731,12.2595,12.4573,12.8907,13.0678,14.2939,15.5915
Latin America & Caribbean (excluding high income),LAC,96.0084,96.0084,98.2069,107.3568,117.7111,124.4901,137.2681,141.8394,156.138,160.7099,159.9629,152.7271,151.5905,154.9459,152.9867,152.0681,147.1561,161.8767,156.2638,158.8258,152.5724,153.2384,153.0469,152.8937,160.7911,163.4282,177.772,188.0593,190.9294,190.8177,201.1424,194.0367,196.8295,194.968,203.4383,208.1147,220.0442,226.6722,227.4626,196.9645,223.6739,244.3283,230.012,239.3761,228.6462,231.6184,212.7242,225.2233,208.6485,207.5444,193.6465,201.2958,201.2935
Lao PDR,LAO,0.0063,0.0063,0.0079,0.0076,0.009,0.0079,0.0077,0.0145,0.0139,0.0192,0.0146,0.0131,0.0075,0.0072,0.0059,0.0086,0.0093,0.0102,0.0098,0.0102,0.0186,0.0256,0.037,0.0476,0.0616,0.0791,0.1092,0.125,0.1238,0.137,0.0851,0.0879,0.1151,0.1196,0.1426,0.1486,0.4139,0.4016,0.5428,0.6406,0.8912,1.0289,1.0085,1.4055,1.2619,1.6216,0.5259,0.5558,0.6335,0.675,0.6388,0.6595,0.6576
Lebanon,LBN,1.4553,1.4553,1.3865,1.5848,1.4266,1.2493,0.9043,0.6679,1.3586,1.8751,0.0175,0.0175,0.0085,0.1369,0.112,0.1587,0.1556,0.3018,0.2085,0.3267,0.3267,0.5601,0.3423,0.6018,1.0026,1.3891,1.0712,1.373,0.9841,1.4819,1.1895,1.7184,1.1179,1.5255,1.8335,1.8118,0.7819,0.5236,0.9499,1.1303,0.8162,1.1524,1.1212,0.9872,1.1866,1.1918,1.084,1.1518,1.1479,0.8691,0.6518,1.1196,1.1292
Liberia,LBR,0.4019,0.4019,0.4062,0.4019,0.4441,0.4393,0.3672,0.3168,0.3355,0.4145,0.3637,0.3053,0.213,0.2393,0.1844,0.2021,0.1725,0.2897,0.2723,0.1887,0.0364,0.0273,0.0244,0.0246,0.0256,0.0246,0.0288,0.0293,0.0306,0.0294,0.0471,0.047,0.0471,0.0554,0.0599,0.0733,0.0839,0.0813,0.0702,0.0605,0.1194,0.1485,0.1567,0.1235,0.1751,0.1934,0.1852,0.176,0.2315,0.2468,0.25,0.2705,0.2831
Libya,LBY,0.646,0.646,0.8514,0.8029,0.9647,1.0831,1.4139,1.6011,1.9679,2.2888,2.2791,2.5298,2.8491,2.4718,2.5214,2.3483,2.1398,2.0824,1.83,1.9814,2.0824,2.204,2.3971,2.0319,2.3687,2.7379,2.7123,3.11,3.0059,3.0627,3.1979,3.29,3.1772,3.1602,3.7145,3.816,2.7355,2.763,3.6489,4.2216,3.491,2.5032,2.5326,4.6826,4.8469,2.7655,2.4586,2.1198,2.2482,2.0556,1.8192,2.2558,2.3018
St. Lucia,LCA,0.0002,0.0002,0.0003,0.0002,0.0002,0.0003,0.0003,0.0003,0.0003,0.0003,0.0004,0.0003,0.0004,0.0004,0.0004,0.0006,0.0009,0.001,0.0011,0.0015,0.0034,0.0032,0.0026,0.0023,0.0027,0.0028,0.0027,0.0025,0.0026,0.0027,0.0025,0.0031,0.0061,0.006,0.0054,0.0047,0.0045,0.004,0.0033,0.0048,0.0053,0.0061,0.0077,0.0102,0.011,0.0101,0.0098,0.0094,0.0101,0.0156,0.0132,0.0128,0.0132
Latin America & Caribbean,LCN,115.7602,114.3282,117.9436,129.2895,139.3598,145.2398,159.7038,167.5282,180.0275,189.3909,190.2037,180.5101,178.7962,181.8192,182.541,182.2034,177.6893,194.6421,188.9476,195.324,187.1434,189.3367,187.6833,190.9339,199.0426,205.1934,223.3509,238.0642,238.7991,231.7508,240.9607,236.379,240.7409,239.5904,251.106,256.7815,266.8324,259.4697,265.3781,235.1182,280.3503,299.1156,284.8148,292.1981,279.3609,271.7048,250.2294,262.7331,245.6646,237.1333,220.555,232.0377,233.7287
Least developed countries: UN classification,LDC,11.6384,11.6384,11.9461,13.009,13.3161,12.6012,13.1423,12.3127,11.6113,11.8249,12.4228,11.8858,10.8631,10.3229,10.1139,10.2376,10.7045,11.4498,10.7142,10.5897,12.0779,10.7632,10.3071,9.9105,10.6189,12.7876,12.5432,14.3837,13.4713,15.1774,16.6171,18.5852,18.2594,21.1935,20.1255,21.7225,22.8576,25.7785,27.5937,30.5642,35.7454,39.1185,40.6153,41.9916,46.0917,48.0999,48.5842,56.4418,63.4853,58.0746,57.1278,58.6914,60.6198
Low income,LIC,54.8166,54.8166,55.1447,55.9781,59.1663,59.7593,64.9352,67.7271,68.7381,75.9284,78.2125,79.3713,83.9036,87.5258,91.0282,93.7774,93.4486,90.2428,90.3041,85.6938,85.2445,82.5045,71.4576,66.3303,61.1546,57.4212,50.402,49.5786,48.1387,51.8799,54.1373,56.5827,54.8739,57.3207,57.5648,62.6238,65.1079,58.2195,63.5885,52.105,53.3087,44.6781,43.288,35.0187,38.9218,31.4778,33.6638,51.7054,51.0761,54.9168,51.1674,53.6485,54.2321
Sri Lanka,LKA,0.3016,0.3016,0.5163,0.5536,0.5286,0.485,0.4074,0.4604,0.566,0.5723,0.507,0.6503,0.6814,0.6534,0.6192,0.3172,0.2893,0.2737,0.3392,0.4132,0.4022,0.3665,0.5995,0.6496,0.6324,0.4873,0.7362,0.8027,0.9939,0.991,0.8061,0.8624,0.8889,1.1934,0.8424,1.1912,1.1672,1.1375,1.0845,1.0256,1.0239,1.0084,1.133,1.0107,0.9945,1.3175,0.8554,0.7043,0.8472,0.9024,0.7648,0.7212,0.6244
Lower middle income,LMC,104.7353,105.2426,111.9886,112.6441,120.3904,131.4788,139.7758,142.9747,144.6045,148.2713,153.1432,161.0467,177.0379,180.6166,191.2267,193.8729,211.1906,222.0381,225.827,240.4832,248.861,246.7079,252.3913,254.0311,255.1257,270.1299,270.7468,290.1933,304.5792,315.5839,318.2785,331.1372,347.3519,349.3882,361.5387,399.2229,433.9309,484.4708,499.6395,539.4243,590.6515,646.1663,627.7754,669.1095,710.5447,703.3865,734.3733,789.5993,827.589,803.1579,766.1285,837.1449,858.5471
Low & middle income,LMY,906.2916,927.7327,976.4983,1018.4777,1066.6631,1172.173,1247.361,1347.5913,1439.554,1462.8319,1453.0016,1428.7274,1459.9167,1483.3324,1556.6581,1498.2156,1533.4839,1623.0173,1671.4044,1680.542,1754.3959,1797.4848,1794.6033,1765.6731,1767.7959,1969.1819,1864.1253,1888.5658,1952.5749,1818.2877,1867.9484,1932.4606,1998.9355,2182.404,2597.704,3079.75,3309.3465,3578.9121,3721.1031,3890.5516,4258.4323,4503.0073,4498.5629,4528.2174,4582.2323,4454.1914,4300.4764,4262.0193,4404.7497,4413.715,4444.9535,4670.1933,4732.8701
Lesotho,LSO,0.0309,0.0309,0.0312,0.0309,0.0342,0.0338,0.0282,0.0244,0.0258,0.0319,0.028,0.0254,0.0178,0.0199,0.0168,0.0202,0.0244,0.0551,0.0273,0.0339,0.011,0.0143,0.0122,0.0111,0.0126,0.0121,0.0137,0.0139,0.0134,0.0129,0.0423,0.0397,0.0412,0.0442,0.0463,0.0482,0.0532,0.0719,0.0587,0.0629,0.0815,0.0946,0.097,0.0857,0.097,0.1025,0.0946,0.1137,0.1287,0.1386,0.1404,0.1404,0.1532
Late-demographic dividend,LTE,840.0398,865.0158,903.0325,938.8135,974.1074,1075.4281,1139.5151,1249.5886,1337.6862,1353.0774,1346.5918,1287.088,1293.968,1311.4208,1384.2538,1300.9469,1333.8331,1402.5964,1453.3259,1456.8356,1485.6247,1480.1521,1437.3492,1460.1243,1468.8572,1702.802,1577.9901,1550.0062,1571.2443,1419.3843,1474.3848,1537.2183,1576.3191,1713.1738,2099.615,2552.8759,2702.585,2936.6959,3123.9867,3245.8649,3537.6016,3720.144,3805.8793,3837.3119,3870.9474,3752.3817,3605.9838,3471.9407,3549.749,3608.1373,3714.0678,3894.6144,3871.5504
Lithuania,LTU,4.4662,4.9549,5.2609,5.5598,5.806,6.0329,6.2115,6.4178,6.7611,6.9573,7.2008,6.9063,6.5371,6.1702,5.9724,5.6374,5.5038,5.786,5.8975,5.7747,6.1271,6.1824,3.0342,1.9804,2.0285,1.7359,1.5272,1.5518,1.5226,1.1827,1.0786,1.0401,1.1069,1.1255,1.2152,1.4933,1.608,1.6112,1.4595,1.1685,1.2653,1.3606,1.4585,1.4007,1.2978,1.1726,1.1368,1.1552,1.2399,1.2785,1.167,1.167,0.9966
Luxembourg,LUX,11.9617,11.1206,10.6595,11.6628,10.9859,8.3949,9.4143,8.6821,9.5012,8.4191,7.7544,6.2382,5.9277,5.491,6.1788,6.1404,5.5845,4.9325,5.2199,5.4956,5.0825,4.6576,4.2239,4.5018,3.9952,2.5671,2.5438,2.1393,1.4918,1.5454,1.3062,1.4462,1.2516,1.1356,1.2898,1.2707,1.3581,1.2682,1.2117,1.0329,1.112,1.0867,1.0502,1.0077,0.9904,0.9614,0.9673,0.964,0.9851,1.0026,0.9185,0.939,0.7634
Latvia,LVA,1.9182,2.1281,2.2595,2.3879,2.4936,2.5911,2.6678,2.7564,2.9038,2.9881,3.0927,2.9662,2.8076,2.65,2.5651,2.4212,2.3638,2.485,2.5329,2.4802,2.5627,1.8445,1.5822,1.5754,1.4336,1.3663,1.2384,1.4155,1.3151,1.1778,1.0344,0.9985,1.0467,1.093,1.1122,1.1219,1.171,1.1941,1.0957,0.8722,1.142,1.0353,1.0676,0.8884,0.8463,0.752,0.6376,0.6196,0.7563,0.6771,0.6824,0.6817,0.6244
"Macao SAR, China",MAC,0.0067,0.0067,0.0084,0.0081,0.0096,0.0084,0.0082,0.0155,0.0149,0.0205,0.0155,0.0339,0.0226,0.0277,0.0269,0.0295,0.0366,0.0434,0.0404,0.0394,0.0493,0.045,0.053,0.0577,0.1038,0.1136,0.1305,0.1298,0.1429,0.1824,0.2502,0.2363,0.2728,0.2694,0.3431,0.3323,0.3303,0.3362,0.2502,0.2207,0.2821,0.2544,0.1777,0.2115,0.268,0.3065,0.3235,0.4262,0.3475,0.3716,0.2801,0.2895,0.2916
Morocco,MAR,2.1797,2.1797,2.3929,2.7766,3.3561,3.1532,3.4476,3.8556,4.1289,4.594,4.8707,4.2962,4.2316,4.5016,4.4764,4.9558,4.5392,3.9736,4.8111,5.9366,5.3835,5.6286,5.833,4.9791,5.5491,4.6416,5.4999,5.3649,5.39,5.7746,5.5341,5.5961,5.3455,4.1421,5.4805,6.5086,7.0155,7.0373,7.2457,7.2114,7.6394,8.6148,8.8455,8.7581,7.7027,7.4119,6.8989,7.9094,7.8516,7.6242,6.7001,7.5661,7.5595
Moldova,MDA,1.5287,1.6959,1.8007,1.903,1.9873,2.0649,2.126,2.1966,2.3142,2.3813,2.4647,2.3638,2.2375,2.1119,2.0442,1.9296,1.8838,1.9804,2.0186,1.9765,2.0523,2.1658,1.2024,1.2476,0.9975,0.9867,0.6946,0.7292,0.6049,0.4594,0.4975,0.4995,0.5239,0.5601,0.6492,1.0068,0.7415,0.8597,0.6944,0.5883,0.9543,1.0421,1.0651,0.7932,0.9029,0.7688,0.7772,0.9598,1.0797,1.1292,0.8154,0.8406,0.7625
Madagascar,MDG,0,0,0,0,0,0,0,0,0,0,0,0,0,0,0,0,0,0,0,0,0.0079,0.0052,0.0079,0.0026,0,0.2024,0.2469,0.2445,0.2773,0.2721,0.2534,0.3158,0.2058,0.2533,0.274,0.3297,0.2787,0.2723,0.2957,0.2825,0.3225,0.3194,0.5242,0.572,0.5983,0.6202,0.5331,0.5354,0.4878,0.6244,0.276,0.2955,0.3155
Maldives,MDV,0.0002,0.0002,0.0003,0.0003,0.0003,0.0003,0.0003,0.0005,0.0005,0.0006,0.0005,0.0011,0.0007,0.0006,0.0021,0.0029,0.0029,0.0031,0.0037,0.0034,0.0044,0.0045,0.0052,0.006,0.0213,0.0308,0.031,0.0256,0.0292,0.0354,0.1068,0.0834,0.1065,0.0878,0.1239,0.1105,0.1352,0.1522,0.1495,0.128,0.1336,0.139,0.1649,0.208,0.2744,0.1874,0.2097,0.2242,0.2743,0.3274,0.2542,0.2653,0.2697
Middle East & North Africa,MEA,37.4724,37.4724,40.531,45.3781,51.2386,57.2252,62.8732,70.9818,77.9101,101.6721,113.6483,124.2119,133.9521,133.1022,113.8664,120.8112,121.7803,132.6355,136.7086,152.8819,160.3303,174.3272,179.797,174.0312,183.118,193.7297,196.8684,198.531,201.9712,212.8295,211.5969,228.2529,233.0478,234.5158,237.7898,261.6056,276.5276,313.9468,334.2709,336.6106,370.4182,371.6442,377.2012,388.797,403.1069,405.9517,402.3952,394.1922,384.4891,392.4278,379.156,403.3094,410.8235
Mexico,MEX,27.6392,27.6392,30.4614,32.2303,35.9684,39.2075,43.0691,42.4597,48.5079,50.6332,50.9693,56.6221,58.2984,63.0922,60.6152,63.899,56.1647,60.6746,55.579,58.131,53.2802,52.0499,51.7517,50.0304,50.9214,49.3295,54.8725,54.9539,56.3571,51.8472,52.9143,47.8853,51.4664,52.3913,56.2995,58.7135,66.1697,62.1304,64.3489,52.1087,62.1699,67.9338,61.5003,65.7501,59.0487,66.0177,61.936,68.3471,50.7596,55.8859,50.3568,51.6406,57.5992
Middle income,MIC,851.475,872.9161,921.3536,962.4996,1007.4968,1112.4137,1182.4258,1279.8642,1370.8159,1386.9035,1374.7891,1349.3561,1376.0131,1395.8066,1465.6299,1404.4382,1440.0353,1532.7745,1581.1003,1594.8482,1669.1514,1714.9803,1723.1457,1699.3428,1706.6413,1911.7607,1813.7233,1838.9872,1904.4362,1766.4078,1813.8111,1875.8779,1944.0616,2125.0833,2540.1392,3017.1262,3244.2386,3520.6926,3657.5146,3838.4466,4205.1236,4458.3292,4455.2749,4493.1987,4543.3105,4422.7136,4266.8126,4210.3139,4353.6736,4358.7982,4393.7861,4616.5448,4678.638
North Macedonia,MKD,1.4374,1.4374,1.3101,1.5128,1.6094,1.5775,1.3218,1.4179,1.4151,1.466,1.4185,1.571,1.4921,1.3443,1.3861,1.4055,1.5228,1.1613,1.0998,1.2056,1.6326,1.4118,1.3605,1.1165,0.8948,0.8722,1.1578,0.9157,1.2432,0.8862,1.0477,0.9003,0.8601,1.1165,0.9157,1.3432,1.4177,1.6267,1.5191,0.9691,1.2445,1.4472,1.3703,1.2614,1.13,1.059,1.0305,0.8717,0.9356,1.0683,1.0756,1.2548,1.2548
Mali,MLI,0.0927,0.0927,0.0937,0.0927,0.1025,0.1014,0.0847,0.0731,0.0774,0.0957,0.0839,0.1018,0.0533,0.0598,0.0503,0.0606,0.0526,0.1386,0.0554,0.0946,0.0307,0.0401,0.0363,0.0332,0.0346,0.0332,0.0396,0.0404,0.0417,0.04,0.0936,0.0882,0.0908,0.0983,0.1012,0.1086,0.1424,0.1779,0.2071,0.2436,0.3061,0.3722,0.3777,0.3563,0.4128,0.5445,0.5897,0.7161,0.879,1.0118,1.0253,1.1092,1.1607
Malta,MLT,0,0,0,0,0,0,0,0,0,0,0,0,0,0,0,0,0,0,0,0,0,0,0,0,0,0,0,0,0.0094,0.0094,0,0,0,0,0,0.0278,0.0307,0.0369,0.0369,0.0246,0.0308,0.0153,0.0277,0.0534,0.0626,0.0597,0.0595,0.0535,0.0432,0.0471,0.0567,0.0551,0.0576
Myanmar,MMR,1.6224,1.6224,1.4843,0.9521,1.2045,1.4224,1.53,1.6777,1.7942,1.8575,1.9429,2.0381,1.9492,1.8718,1.9265,1.9767,1.9168,1.2234,1.1345,1.105,0.9689,0.9584,1.1289,0.7588,0.904,0.9486,0.9812,1.2057,1.1101,1.3874,2.3589,2.3261,1.4453,2.4907,1.8853,2.0238,1.9541,1.9018,1.9625,2.0137,2.3195,2.418,3.6405,3.9699,4.9086,5.3698,3.9064,8.2307,8.4793,8.9292,8.5294,8.8369,8.9083
Middle East & North Africa (excluding high income),MNA,27.2309,27.2309,29.6664,31.032,36.7464,41.023,46.8331,49.9596,50.6266,59.084,55.7823,59.0409,65.4824,69.3614,73.6403,77.5268,73.9548,82.825,84.3581,92.0121,92.9672,99.6227,102.9839,96.7239,96.5851,101.8159,99.0224,104.9873,100.1824,107.7548,107.671,116.9409,114.5547,115.2759,116.4375,135.0664,139.3901,160.585,163.1264,155.8343,163.6353,163.4812,166.5362,168.9924,169.1639,158.3925,163.5074,175.8885,185.1375,177.8148,171.4174,182.7413,184.1781
Mongolia,MNG,4.314,4.314,3.798,3.9046,4.2155,4.6319,4.8664,5.7726,6.2986,6.7505,7.419,6.9438,7.2992,7.5352,8.2675,2.9282,2.5082,3.301,3.1104,2.9647,2.8139,3.4254,2.6484,2.4047,1.8229,1.9536,1.0977,1.5409,0.9779,0.8663,0.6253,0.6063,0.6459,0.6905,0.6966,0.7452,2.1864,1.5866,1.6243,1.4096,1.6222,1.9937,2.4146,2.2145,1.8897,1.4887,1.4313,1.7698,1.9557,2.4928,2.2022,2.2915,2.3177
Mozambique,MOZ,1.4802,1.4802,1.2698,1.388,1.3312,1.2225,1.1799,0.7401,0.584,0.5438,0.6077,0.61,0.5013,0.3405,0.2223,0.1537,0.0922,0.0757,0.0662,0.0804,0.1307,0.1291,0.1442,0.1907,0.1955,0.1924,0.0222,0.0504,0.1212,0.1275,0.082,0.2194,0.2357,0.3055,0.3026,0.257,0.2932,0.3602,0.3931,0.4637,0.4612,0.5825,0.5222,0.6857,0.7427,0.6252,0.7339,0.8006,0.8522,0.9056,0.6896,0.7641,0.7832
Mauritania,MRT,0.1364,0.1364,0.1392,0.1387,0.1527,0.1539,0.1291,0.1118,0.1175,0.1394,0.1281,0.1129,0.0814,0.0897,0.1107,0.1174,0.0773,0.2296,0.2154,0.2111,0.1464,0.17,0.3156,0.2927,0.2895,0.2905,0.3112,0.2915,0.2776,0.2496,0.1229,0.119,0.1306,0.145,0.1558,0.1678,0.1815,0.2156,0.2597,0.2377,0.2908,0.3521,0.3711,0.2915,0.3775,0.4087,0.3191,0.5382,0.6602,0.7398,0.7497,0.811,0.8487
Mauritius,MUS,0.0316,0.0316,0.0347,0.0347,0.0507,0.0507,0.0631,0.0822,0.0853,0.0853,0.0853,0.0884,0.0822,0.095,0.1396,0.1009,0.1403,0.1407,0.1221,0.1371,0.165,0.1917,0.1978,0.2666,0.2352,0.2401,0.2464,0.2467,0.2736,0.3164,0.3577,0.3871,0.3839,0.3855,0.3611,0.3459,0.4065,0.4046,0.4362,0.3625,0.3543,0.3359,0.3313,0.3169,0.3306,0.3396,0.3259,0.3248,0.3241,0.331,0.3154,0.3404,0.3563
Malawi,MWI,0.1807,0.1807,0.2002,0.2108,0.2251,0.261,0.2236,0.1981,0.1977,0.1683,0.2247,0.1902,0.1631,0.1356,0.1188,0.1132,0.1017,0.1745,0.1172,0.1139,1.1674,1.2223,1.2738,1.3196,1.3753,1.3866,1.4337,1.4875,1.5208,1.5535,1.601,1.6185,1.5815,1.5542,1.5924,1.6178,1.6577,1.6839,1.7127,1.718,1.8323,2.5954,2.5524,1.8471,2.0086,1.7756,1.734,2.0175,1.9239,1.9628,1.9736,2.092,2.289
Malaysia,MYS,6.1567,6.1567,5.2952,4.803,6.0147,5.9018,6.2651,5.683,6.1495,7.0922,7.8618,8.9132,8.6141,9.2012,9.0451,9.5158,9.0239,9.788,9.5279,12.582,14.0149,15.3954,16.6859,17.8214,18.4309,20.2439,23.8002,23.8229,23.6195,23.0462,25.8474,26.4248,28.4141,29.5608,33.3037,35.1222,37.9114,43.4262,43.1972,29.6173,30.4428,28.5244,31.9646,29.099,28.6115,28.8233,29.6297,32.4486,35.4721,34.7622,32.7991,35.2205,36.9258
North America,NAC,1182.382,968.9708,991.2384,1039.7204,985.3908,845.0911,892.3749,950.8927,916.6368,993.59,954.3179,925.0107,787.0634,718.8931,787.0371,780.0375,752.7681,770.7397,798.6645,754.5127,680.8487,641.2318,591.0489,605.7213,611.3121,564.3825,567.0525,587.7992,591.0988,578.4465,649.7315,616.6318,568.7191,566.6702,595.0316,546.5137,562.5017,553.4913,539.7317,465.1098,528.2471,501.7425,505.65,499.9962,501.6357,498.8119,508.5837,500.0704,524.596,510.3269,504.3222,520.3745,534.0132
Namibia,NAM,0.3091,0.3091,0.3125,0.3091,0.3416,0.3379,0.2825,0.2437,0.2581,0.3189,0.2797,0.2544,0.1775,0.1994,0.1677,0.2021,0.2453,0.602,0.4825,0.3932,0.1292,0,0,0,0,0,0.1773,0.1841,0.1774,0.1608,0.1608,0.2248,0.1945,0.2079,0.218,0.1945,0.2046,0.2147,0.218,0.218,0.2315,0.2448,0.2583,0.2718,0.2852,0.2987,0.2987,0.2951,0.2982,0.2955,0.2704,0.2704,0.295
New Caledonia,NCL,0.1289,0.1289,0.1211,0.1227,0.1352,0.142,0.1474,0.192,0.2035,0.2318,0.2337,0.2542,0.1441,0.1811,0.2109,0.523,0.5154,0.4697,0.5012,0.577,0.4936,0.5171,0.5048,0.4562,0.4991,0.5366,0.6276,0.5639,0.647,0.7456,0.7722,0.6744,0.7637,0.8056,0.6826,0.7105,0.6627,0.7946,0.8563,0.8466,1.2718,1.4169,1.3032,1.3515,1.7486,1.6043,1.7165,1.7327,2.7271,2.5949,2.0226,2.0857,2.0749
Niger,NER,0.0157,0.0157,0.0157,0.0188,0.0188,0.0188,0.0125,0.0125,0.0157,0.0188,0.0188,0.0188,0.0188,0.0188,0.0219,0.0219,0.0188,0.0219,0.0219,0.0219,0.0539,0.0414,0.0351,0.0569,0.0381,0.0319,0.0696,0.0947,0.0979,0.0979,0.041,0.0506,0.0508,0.0666,0.0699,0.0603,0.073,0.0922,0.1082,0.1597,0.211,0.2046,0.3034,0.25,0.2789,0.2019,0.141,0.1708,0.1443,0.1826,0.1946,0.2105,0.2203
Nigeria,NGA,0.862,0.862,1.0981,1.5456,1.6047,1.777,2.1832,2.4489,3.1054,3.0402,3.1883,3.8097,4.6782,4.6225,3.8631,4.3132,3.4834,3.029,3.9673,4.2389,3.8288,3.7295,4.392,4.0417,3.4563,3.1509,3.5216,2.9566,2.937,3.0593,2.9596,2.6044,2.7537,7.5514,5.9922,5.1169,4.7352,5.0682,5.2107,2.2316,2.3721,7.0737,6.0857,6.4678,7.2639,7.2891,7.1476,6.8287,7.1598,7.3359,7.3125,7.7405,7.6277
Nicaragua,NIC,0.1723,0.1723,0.1789,0.2506,0.2913,0.2479,0.2852,0.3105,0.2667,0.1758,0.2478,0.2572,0.2478,0.3039,0.3163,0.2788,0.3413,0.3725,0.2946,0.2509,0.3226,0.244,0.2563,0.2374,0.3099,0.2815,0.2875,0.344,0.3372,0.3909,0.3843,0.4255,0.5211,0.6887,0.7743,0.6971,0.7129,0.7131,0.6872,0.4779,0.5153,0.5215,0.5437,0.5119,0.5338,0.5837,0.6119,0.6291,0.5877,0.5969,0.592,0.6746,0.716
Netherlands,NLD,28.4667,27.6862,31.3572,33.7687,33.1372,23.9092,24.2974,25.2945,27.7284,31.9933,27.2562,28.773,27.2683,26.4239,27.5016,26.2035,24.9717,27.3036,23.6224,23.7479,29.331,27.8627,27.5604,27.6056,26.8483,25.8727,27.1585,25.4704,24.2943,25.3055,24.4233,24.4123,25.0271,25.3512,25.0708,24.7165,25.5832,25.7655,24.0718,22.4269,23.8369,22.9619,23.9135,23.1817,22.8508,20.8747,22.587,23.4165,22.8122,22.0401,22.123,22.3677,20.3501
Norway,NOR,8.9216,8.5317,8.8796,9.2982,9.8696,9.3007,9.9494,9.7563,9.8535,10.5693,10.0322,9.2441,8.3506,7.9618,8.6177,8.7704,8.8619,7.9115,7.5913,7.0588,6.2441,4.9703,4.5495,4.661,5.577,5.6364,6.1238,5.7576,5.9825,6.1234,6.5733,6.2152,5.383,6.6168,6.874,6.1341,6.0996,5.9957,6.11,5.0903,6.4543,6.5414,6.5148,6.6273,6.3706,6.248,6.1769,6.3721,6.4709,6.3445,6.4401,7.3829,6.3209
Nepal,NPL,0.0285,0.0285,0.057,0.1885,0.1932,0.1124,0.0252,0.0538,0.0411,0.1773,0.2119,0.1644,0.1937,0.3658,0.3832,0.0997,0.2473,0.2623,0.211,0.042,0.2038,0.26,0.1464,0.1896,0.3298,0.3511,0.3044,0.293,0.308,1.0364,1.1157,1.2697,0.6379,0.7738,0.6623,1.0235,0.6201,0.8107,0.7532,0.758,1.2258,1.4459,1.7321,1.3457,1.9432,2.2321,2.7787,3.192,4.0523,3.2056,4.304,4.4293,4.3899
New Zealand,NZL,4.4705,4.4927,5.052,5.1705,5.2417,4.6387,4.7319,4.7329,4.4849,4.4106,4.7751,4.5455,4.5987,4.3703,4.6101,4.6202,4.5458,4.914,5.9357,5.4819,5.9171,6.0529,6.0418,6.2908,6.2712,5.9835,6.0641,5.8351,5.6022,5.5053,6.0153,6.4257,6.7004,6.2556,5.8328,5.0205,5.0789,5.4702,5.5213,5.1129,5.417,5.0952,5.2976,6.1079,6.8131,6.5498,6.6337,6.5313,6.5133,7.099,6.4754,6.4786,5.5558
OECD members,OED,2624.4047,2357.1736,2396.1535,2522.9454,2454.2731,2210.5187,2291.7694,2337.0972,2281.152,2412.1173,2275.5734,2177.0441,1986.0495,1902.9743,1987.5222,1983.4021,1907.6169,1939.771,1982.2782,1942.8614,1833.1952,1761.4502,1672.0679,1680.0428,1702.3573,1674.1539,1693.6201,1710.9272,1659.5622,1626.4068,1745.1631,1681.0967,1608.9545,1624.2105,1632.9832,1562.5182,1583.1514,1562.5896,1497.0206,1309.2257,1441.5163,1430.5957,1404.7333,1400.5865,1375.5414,1366.9451,1364.2624,1380.6854,1396.873,1354.3167,1313.2083,1370.9086,1367.3029
Oman,OMN,0.0189,0.0189,0.022,0.0283,0.0378,0.0472,0.0346,0.0378,0.0409,0.0409,0.0378,0.038,0.0551,0.055,0.5349,0.7751,0.384,0.4807,0.5128,0.568,2.16,5.776,4.6578,3.2301,2.4278,3.1739,2.7725,1.5792,1.1559,2.8809,3.2987,3.9294,5.0508,5.038,4.5406,4.6654,10.8443,12.2458,8.8728,8.3166,8.1336,9.507,10.2805,10.5285,12.0087,12.6125,14.2294,14.0765,13.7222,13.9601,12.322,13.3899,13.6719
Other small states,OSS,3.8991,4.2258,4.6718,5.6863,6.4269,6.6207,6.888,7.0086,7.4823,7.8924,7.915,7.6631,7.6542,7.4008,4.8988,4.7263,4.8327,5.3969,5.4645,5.4633,5.7138,6.1133,4.3923,4.3809,4.7797,4.8308,5.136,4.7942,4.6599,4.3805,4.4922,4.7062,4.3928,4.4587,4.6037,4.2892,6.0085,6.3155,6.2652,4.5258,4.3706,4.3771,4.6778,5.6182,6.1594,5.8165,5.4397,5.4483,5.7338,5.9185,5.3958,5.6462,5.6385
Pakistan,PAK,5.0811,5.0811,5.678,6.0396,6.3916,6.8217,6.517,6.7787,6.9981,7.5554,7.3132,8.2702,9.4334,9.2911,10.1879,11.5911,12.1992,14.3453,15.2233,15.9285,16.6734,16.0487,18.8127,20.5383,20.4701,22.0287,21.4767,21.3093,22.0737,22.6182,22.1596,22.3658,24.7738,29.6273,34.5944,36.9619,40.2073,44.5079,39.3428,39.7923,38.1318,37.7833,35.3776,33.2991,37.9045,41.3768,46.4761,52.6044,53.0706,45.3768,45.0906,49.973,44.2506
Panama,PAN,0.2761,0.2761,0.2827,0.3674,0.4023,0.393,0.4033,0.4381,0.4514,0.5268,0.5799,0.5218,0.541,0.5311,0.5252,0.5995,0.6756,0.6922,0.4326,0.4552,0.5097,0.6172,0.6493,0.6941,0.7471,0.8189,0.9336,0.7978,0.8603,0.8337,0.9142,1.0879,0.6677,0.2057,0.7807,1.8568,1.6503,1.6193,1.2092,1.6779,1.7697,2.0188,2.5175,2.4903,2.495,2.267,1.9655,1.8535,1.8595,1.8723,1.2825,1.4614,1.5509
Peru,PER,3.9003,3.9003,4.0832,4.431,4.6263,5.4645,5.4428,5.4216,5.3509,5.6863,5.8293,5.7371,5.3699,4.411,4.2265,4.6762,4.7061,5.0921,4.8488,4.2145,4.0773,4.5929,4.1648,4.5974,4.2725,5.3504,5.9119,5.814,6.1054,7.2722,7.4952,6.7555,7.2387,6.8668,7.9015,8.0709,7.5229,9.0716,8.7004,8.5602,7.5672,8.112,7.6627,8.6854,8.6083,8.9003,7.7778,7.7565,8.1237,8.2516,6.5236,7.4536,8.8044
Philippines,PHL,4.9823,4.9823,5.6197,6.3069,5.775,7.1635,6.8766,7.5304,8.6188,8.7622,8.0089,7.4454,7.3533,8.2113,7.0493,6.4699,6.0641,7.37,8.3135,7.9155,10.2953,8.0996,8.339,10.0393,9.4754,12.5374,11.8268,13.8184,12.2866,11.9427,9.9602,9.3739,8.6787,9.8947,10.0813,10.3685,10.6615,12.4778,12.8824,11.1868,12.5576,12.2718,11.4624,13.1495,13.8896,14.0909,16.4553,17.6682,15.2884,14.1173,11.6013,12.5246,13.4879
Palau,PLW,0.1717,0.1717,0.1717,0.1717,0.1717,0.1717,0.1717,0.1717,0.1717,0.1717,0.1717,0.1743,0.173,0.1796,0.1987,0.1608,0.1752,0.1837,0.1758,0.1836,0.1856,0.1842,0.1683,0.1723,0.2579,0.2224,0.2082,0.2201,0.1981,0.2608,0.367,0.3618,0.2333,0.2483,0.2363,0.2674,0.2505,0.1573,0.1248,0.1064,0.1117,0.0849,0.0716,0.0709,0.0836,0.079,0.0757,0.0791,0.0814,0.0839,0.0856,0.0893,0.0908
Papua New Guinea,PNG,0.0253,0.0253,0.0316,0.0304,0.0361,0.0316,0.0309,0.058,0.0558,0.0767,0.0582,0.1313,0.0823,0.0721,0.0752,0.1006,0.0893,0.1092,0.0978,0.092,0.1008,0.1017,0.1155,0.1144,0.1898,0.2032,0.2038,0.2,0.1986,0.2412,0.4853,0.5996,0.8995,0.9742,0.8959,0.9313,0.9318,0.9897,0.8008,0.752,0.5579,0.5873,0.556,0.6525,0.6522,0.7269,0.8161,0.7849,0.902,0.9458,0.557,0.5749,0.5784
Poland,POL,49.5158,50.6677,53.0262,54.8422,55.9159,57.6424,60.5967,64.8733,64.9541,64.5533,64.021,57.8599,53.1436,54.0411,56.7567,55.7294,57.9234,56.6938,56.3445,53.5601,42.666,39.4698,36.5596,47.4683,48.5153,62.9518,67.5226,63.7909,53.2615,45.3773,45.4427,40.1996,38.1344,37.3142,37.9752,33.4766,33.3776,35.6515,31.5035,27.4545,29.0168,29.9367,28.8191,28.58,28.7703,27.3784,28.1289,30.6417,31.1399,30.9024,28.5071,30.8852,28.9007
Pre-demographic dividend,PRE,12.141,12.141,13.1089,14.8426,15.0807,15.2124,16.9825,15.8487,16.0093,16.7597,16.3641,16.82,17.588,16.9275,16.0519,18.0597,17.3346,18.3511,20.4537,21.2533,21.3014,19.6763,21.9267,22.5364,22.6193,22.139,22.8785,22.3734,21.7656,22.876,23.4768,23.7976,23.5328,25.3864,27.1306,26.0674,26.7068,30.141,28.821,29.038,31.8694,40.5975,44.2839,41.9553,42.1904,41.4893,41.747,42.6129,44.3431,45.6425,42.859,45.6112,47.352
Puerto Rico,PRI,4.0423,2.6104,2.6172,2.2177,1.8035,1.5144,1.5875,2.2713,2.0362,2.5725,2.218,2.181,2.2621,2.7278,3.0859,2.77,3.0416,2.63,2.3183,2.0946,1.4316,1.4749,1.406,1.3585,1.3943,1.4175,1.4327,1.1121,1.4444,1.4035,0.7338,0.6918,0.1645,0.1608,0.1231,0.0912,0.0939,0.0809,0.8436,0.6321,0.6781,0.4233,0.1576,0.2908,0.1573,0.2993,0.2566,0.1181,0.1161,0.0954,0.1081,0.1044,0.1082
"Korea, Dem. People's Rep.",PRK,47.9222,47.9222,48.9356,49.1543,50.3222,51.4862,55.9506,58.8129,60.906,65.5989,69.4698,70.5057,75.4765,78.6763,82.29,84.7305,84.2517,80.2565,81.0151,79.046,77.919,75.0828,64.5648,59.5221,52.8847,48.3671,41.0595,40.0825,37.1766,40.5858,42.9254,44.8666,43.0515,44.1019,45.1097,47.5339,48.6918,39.8087,44.4021,32.9125,30.5865,21.0645,22.1992,14.9041,17.291,13.3955,15.2229,32.1526,29.7942,33.211,31.2335,32.1374,31.8425
Portugal,PRT,4.4916,4.7083,4.6921,5.3047,5.6982,5.691,6.2521,6.671,7.1821,7.5721,7.7243,7.4632,7.6884,7.4171,7.2977,7.4438,6.8922,7.0272,7.6785,7.9972,8.0662,8.3182,8.1452,7.7964,8.5524,8.1947,8.7246,9.2833,10.452,10.6348,10.8699,10.1778,10.1536,8.6613,8.041,7.7418,7.4783,7.9266,7.0717,6.4735,6.6015,6.3247,5.5917,5.3849,5.5747,5.5403,5.3394,5.672,5.5264,5.4459,5.451,5.3968,5.5122
Paraguay,PRY,0.0667,0.0667,0.0889,0.0857,0.0762,0.0921,0.0984,0.1048,0.0984,0.1016,0.0762,0.0889,0.127,0.1112,0.1016,0.0762,0.0921,0.0953,0.1397,0.1239,0.1493,0.1937,0.2477,0.1429,0.3303,0.2636,0.2763,0.2858,0.2985,0.2763,0.2572,0.2382,0.2382,0.1588,0.1969,0.2283,0.174,0.1042,0.101,0.1394,0.1489,0.1391,0.2531,0.1172,0.18,0.3257,0.1922,0.1831,0.2177,0.1937,0.1668,0.2101,0.2101
Pacific island small states,PSS,0.2057,0.2057,0.209,0.2085,0.2141,0.2117,0.212,0.2368,0.2366,0.2549,0.2422,0.3088,0.2668,0.2524,0.271,0.2522,0.2611,0.2604,0.2469,0.2675,0.2896,0.2791,0.276,0.2861,0.4151,0.3991,0.4006,0.4209,0.4013,0.5106,0.7317,0.7062,0.5605,0.6069,0.6845,0.6629,0.6689,0.5941,0.4558,0.356,0.44,0.3485,0.3122,0.3662,0.398,0.3805,0.3846,0.4248,0.4659,0.501,0.4095,0.4273,0.4342
Post-demographic dividend,PST,2642.1747,2383.2666,2419.7137,2549.1927,2484.0502,2234.8152,2309.6575,2354.2826,2299.0123,2429.5685,2302.3311,2201.6313,2007.2039,1909.3658,1985.4402,1971.5788,1897.6248,1925.23,1980.4316,1934.5248,1896.305,1820.7885,1724.6804,1664.1053,1649.2284,1606.3678,1594.6173,1613.2109,1570.0901,1558.3014,1657.4398,1627.5636,1539.9981,1556.8188,1562.044,1477.1553,1490.6022,1475.6697,1424.6252,1234.4842,1351.1105,1332.463,1312.7091,1302.5323,1278.1879,1251.8582,1245.3036,1231.6831,1263.7178,1222.268,1181.5532,1228.3165,1207.7239
French Polynesia,PYF,0.0032,0.0032,0.004,0.0038,0.0045,0.004,0.0039,0.0072,0.007,0.0096,0.0073,0.0252,0.0206,0.024,0.0322,0.0374,0.0411,0.0449,0.0425,0.0393,0.0402,0.041,0.0441,0.0437,0.0585,0.0649,0.0637,0.0622,0.0643,0.0781,0.1207,0.1249,0.1391,0.1422,0.1481,0.152,0.1431,0.1644,0.1517,0.1215,0.1255,0.1163,0.1056,0.1274,0.1229,0.1186,0.1218,0.1227,0.1352,0.1435,0.1114,0.1163,0.1182
Qatar,QAT,0.8164,0.8164,0.8998,1.352,1.0916,1.9869,1.3516,1.4152,1.1252,2.544,1.9442,3.1643,3.1466,3.3817,4.0143,3.7125,4.184,3.9893,3.171,3.0374,3.1265,3.2375,3.4292,3.5303,3.612,3.6937,3.78,3.8912,4.0063,4.1208,4.8872,4.9558,7.498,6.4202,8.0859,7.537,8.0041,10.279,10.4315,9.3522,10.3922,8.6336,13.4439,13.1559,15.4028,16.2237,17.0734,16.438,17.246,17.4813,16.9955,17.8053,16.9649
Romania,ROU,42.5815,42.5815,38.3817,40.2894,42.7176,55.1389,65.7197,72.5579,79.2827,80.2334,93.722,84.3723,84.2029,84.0861,84.8444,69.71,72.0093,74.3297,77.3787,79.5791,60.3953,45.5162,17.2033,15.6555,26.4767,31.1646,29.9168,25.3525,20.2309,17.6293,18.7442,20.243,21.2297,20.6317,20.6709,20.9893,19.75,18.9809,18.5165,12.5797,12.8034,13.3638,13.2016,12.3744,12.5058,12.473,11.7394,11.8928,12.5892,12.8972,13.3813,14.3545,13.8772
Russian Federation,RUS,145.1552,161.038,170.9829,180.6988,188.7014,196.0758,201.8795,208.5836,219.7414,226.1183,234.0329,224.4602,212.4617,200.5369,194.108,183.2216,178.8777,188.0506,191.6745,187.6824,251.406,216.1719,200.2214,174.7728,143.1744,184.8079,162.0586,149.2951,133.9057,142.4766,165.5852,157.8773,159.6513,151.7827,153.2121,154.8763,152.6339,170.9877,172.3774,166.227,178.4255,184.0065,226.309,223.8551,247.0309,249.9815,259.783,262.0929,250.5501,280.4565,273.5499,293.975,274.088
Rwanda,RWA,0.0187,0.0187,0.0187,0.0187,0.0187,0.0219,0.0284,0.0316,0.0316,0.0348,0.0996,0.1025,0.1058,0.109,0.1125,0.1092,0.1125,0.1125,0.1184,0.1184,0.1119,0.0927,0.0863,0.0733,0.0573,0.0572,0.0572,0.0571,0.0636,0.0571,0.0662,0.0661,0.069,0.0629,0.0597,0.0629,0.0661,0.0565,0.0565,0.0597,0.0888,0.086,0.1021,0.1051,0.1054,0.1342,0.1625,0.1933,0.3082,0.2852,0.285,0.3073,0.3224
South Asia,SAS,70.1134,70.1134,74.0351,73.3924,79.4079,86.5599,91.3289,94.0843,92.2301,93.5706,93.647,100.1643,114.2346,114.7974,125.8491,127.8299,147.6959,152.1318,155.5766,166.4208,169.0629,171.7263,177.8296,177.4956,187.8474,183.0974,182.6283,199.4077,209.0825,215.651,219.8752,223.2866,239.2796,235.9364,248.8812,276.9877,308.1241,348.668,357.8714,407.2392,449.8037,496.8337,483.5733,519.2095,555.6214,564.6152,592.4393,633.888,648.769,618.7168,569.9758,630.4595,651.1543
Saudi Arabia,SAU,1.9665,1.9665,2.2963,3.6684,3.936,4.1725,3.9267,5.498,11.2573,23.2385,39.4878,42.8579,44.7862,41.5247,14.4723,12.9328,12.9632,12.6441,14.1583,15.0185,28.1701,28.1695,32.2352,31.4091,37.6677,40.0062,46.0463,41.9129,49.0351,52.338,52.8948,52.268,60.0415,62.2787,65.8211,66.8505,72.4806,79.7148,88.8178,91.0214,110.8445,110.1326,99.7305,100.2063,115.967,118.7875,105.1624,97.3616,95.001,93.8614,84.0442,86.3069,91.8223
Sudan,SDN,0.5885,0.5885,0.8123,1.6369,1.4407,0.7375,1.2913,1.2976,0.5943,0.5694,1.0205,0.9365,0.7,0.7312,0.6037,0.613,0.7094,0.3796,0.4947,0.5569,0.6752,0.8494,0.6378,0.0031,0.7654,0.4356,0.1618,0.5383,0.4107,0.629,0.5351,0.4543,0.4527,0.5105,0.6207,1.0103,1.5825,1.8378,1.6357,2.7158,3.6288,2.0947,1.9708,1.4912,1.5483,1.609,1.834,1.7469,1.6808,1.7004,1.5364,1.6738,1.7112
Senegal,SEN,0.3196,0.3196,0.3135,0.3446,0.438,0.3142,0.4606,0.5108,0.3611,0.4394,0.5302,0.5176,0.5023,0.3691,0.4289,0.4259,0.3999,0.4334,0.3856,0.204,0.2352,0.2442,0.2727,0.2667,0.2981,0.3519,0.3425,0.3844,0.4794,0.5891,0.5026,0.6547,0.7171,0.5914,0.9178,0.7838,0.5941,0.8487,0.8744,0.9345,0.908,1.2301,1.1033,1.0995,1.4379,1.6418,1.7344,0.9743,1.1379,0.9405,1.3057,1.3105,1.3134
Singapore,SGP,0.4158,0.4158,0.3036,0.378,0.5121,0.578,0.6868,0.7274,0.8349,0.8763,0.8194,0.8748,0.7541,0.7824,0.8414,0.8908,0.7902,0.6136,0.4982,0.4922,0.4381,0.4166,0.4562,0.4965,0.5396,0.4698,0.3966,0.3747,0.3528,0.3309,3.2551,3.4498,3.6746,4.3636,4.8073,5.1862,5.4283,5.7295,5.9487,8.5773,9.7566,10.2998,10.2,11.7059,12.5954,12.7973,11.639,14.0359,12.2678,12.3297,12.1224,12.2415,11.8458
Solomon Islands,SLB,0.0015,0.0015,0.0018,0.0018,0.0021,0.0018,0.0018,0.0034,0.0033,0.0045,0.0034,0.0109,0.0062,0.006,0.0054,0.0065,0.0051,0.0065,0.0076,0.0069,0.0075,0.0077,0.0088,0.0087,0.0147,0.0156,0.0157,0.015,0.0155,0.0188,0.0396,0.0384,0.0424,0.0423,0.048,0.0482,0.0484,0.0561,0.0513,0.0426,0.0454,0.0453,0.0425,0.0504,0.0468,0.0393,0.0391,0.0406,0.0456,0.0476,0.037,0.0386,0.0392
Sierra Leone,SLE,0.1546,0.1546,0.1562,0.1546,0.1708,0.169,0.1412,0.1219,0.1291,0.1594,0.1399,0.1272,0.0959,0.0997,0.0838,0.101,0.1228,0.3014,0.2415,0.1968,0.0647,0.0895,0.0552,0.0505,0.0545,0.0554,0.0613,0.0658,0.0661,0.0635,0.0464,0.0541,0.055,0.061,0.0604,0.0577,0.0785,0.0763,0.0731,0.0687,0.0922,0.1304,0.1425,0.1487,0.1761,0.1543,0.1324,0.1438,0.1651,0.1602,0.1624,0.1756,0.1838
El Salvador,SLV,0.3412,0.3412,0.3224,0.435,0.4197,0.4355,0.4603,0.5096,0.5596,0.5816,0.4852,0.4314,0.3777,0.3656,0.3842,0.3491,0.371,0.415,0.5009,0.4946,0.5042,0.5515,0.7305,0.7323,0.7799,0.7963,0.6923,0.9274,1.0103,1.038,1.061,1.1108,1.164,1.1723,1.3287,1.2823,1.3253,1.5419,1.2332,0.7908,0.8901,1.0374,1.2952,0.8464,1.0507,0.9465,1.1892,1.2803,1.4108,1.6039,1.3622,1.5523,1.6468
Somalia,SOM,0.2442,0.2442,0.2469,0.2442,0.2699,0.267,0.2231,0.1925,0.2039,0.2519,0.221,0.2341,0.1615,0.1775,0.1542,0.1672,0.2054,0.3443,0.2484,0.2173,0.0637,0.0498,0.0393,0.0379,0.0394,0.0379,0.0427,0.0435,0.0437,0.042,0.0738,0.0706,0.0773,0.0831,0.0826,0.0872,0.0978,0.1034,0.1001,0.0926,0.1197,0.1332,0.127,0.1118,0.121,0.1369,0.1168,0.1279,0.1489,0.1584,0.1605,0.1749,0.1788
Sub-Saharan Africa (excluding high income),SSA,58.9248,58.9248,60.7812,69.3406,69.1159,71.4089,80.0786,81.2559,80.653,83.9845,88.4922,92.0928,82.7113,73.0668,71.5502,74.4523,72.3357,75.0851,77.5428,73.5975,74.1606,68.3622,62.6887,54.3576,53.7738,54.6008,59.5449,63.0572,65.6917,60.4156,60.0865,55.9511,59.7664,66.2524,74.0636,77.8678,75.8023,71.6227,71.6297,87.5181,80.5342,81.1171,81.6383,87.1531,93.0682,89.9313,90.4383,86.4704,96.3407,94.3055,89.8102,92.5592,91.5538
Sub-Saharan Africa,SSF,58.9712,58.9712,60.8281,69.387,69.1671,71.4596,80.121,81.2925,80.6917,84.0323,88.5342,92.1233,82.7308,73.1047,71.5837,74.4909,72.3779,75.1858,77.6506,73.693,74.1883,68.4032,62.7235,54.3904,53.8079,54.6348,59.5832,63.0987,65.7333,60.4556,60.1786,56.0434,59.8483,66.3395,74.1857,77.983,75.9383,71.74,71.7548,87.6443,80.6783,81.254,81.7886,87.2722,93.2192,90.1021,90.5978,86.6538,96.5294,94.5074,90.0148,92.7727,91.7708
Small states,SST,4.8064,5.133,5.641,6.7503,7.3747,7.7299,8.0528,8.189,8.5919,8.9424,9.0266,8.8351,8.4877,8.0148,5.7183,5.5561,5.6146,6.1322,6.2336,6.179,6.4981,6.8847,5.1089,5.122,5.6925,5.7593,6.0581,5.7708,5.6582,5.4039,6.3694,6.5498,5.5241,5.418,5.6425,5.2304,6.9229,7.2504,7.0454,5.1496,5.102,5.0368,5.421,6.4091,7.0123,6.6269,6.4171,6.3919,6.7692,7.1102,6.5692,6.9909,6.9964
Sao Tome and Principe,STP,0.0062,0.0062,0.0062,0.0062,0.0068,0.0068,0.0056,0.0049,0.0052,0.0064,0.0056,0.0051,0.0036,0.004,0.0034,0.0037,0.0047,0.0106,0.0076,0.0065,0.004,0.0055,0.0047,0.0043,0.0055,0.0053,0.006,0.0061,0.0061,0.0059,0.0066,0.0061,0.0069,0.0083,0.0095,0.0106,0.0123,0.0132,0.0142,0.0141,0.0194,0.0222,0.0224,0.0198,0.0214,0.0243,0.0212,0.0237,0.027,0.0314,0.0319,0.0333,0.0311
Suriname,SUR,0.004,0.004,0.0045,0.0037,0.0042,0.0047,0.0052,0.0054,0.0056,0.0052,0.0067,0.0068,0.0049,0.0044,0.0038,0.0056,0.0088,0.007,0.0073,0.0101,0.0289,0.0249,0.0193,0.0178,0.0172,0.0185,0.0174,0.017,0.0172,0.0183,0.6769,0.6832,0.0574,0.0574,0.0639,0.0703,0.0703,0.0671,0.0702,0.0638,0.0734,0.0605,0.0798,0.0637,0.0733,0.0701,0.1116,0.0932,0.0781,0.1011,0.1029,0.13,0.13
Slovak Republic,SVK,17.0766,17.0766,16.8338,17.8098,18.4366,19.7514,19.8493,21.1053,22.6092,22.7935,17.8408,16.9624,15.8888,15.8722,17.1798,17.0888,16.0266,16.5257,16.7162,17.0514,15.8218,14.2995,13.4272,11.1584,11.6385,10.4442,11.1704,10.7802,9.7097,9.1762,9.8201,8.5314,9.1059,8.7835,8.2709,8.3796,8.363,8.23,7.9766,6.4037,6.7708,6.7134,6.8712,7.0208,7.2212,7.099,7.3017,7.7511,8.3788,7.4571,7.2101,8.148,7.9015
Slovenia,SVN,2.8731,2.8731,2.6186,3.0237,3.2169,3.1531,2.6419,2.834,2.8285,2.9301,2.8353,3.1402,2.9825,2.687,2.7705,2.8093,3.0437,2.3213,2.1982,2.4097,2.6169,2.2976,1.8381,1.7509,1.9675,1.8442,1.8627,1.9265,1.8073,1.9898,2.3685,2.1052,1.854,2.1467,2.2129,2.363,2.5447,2.2747,2.202,1.8745,1.8494,1.6903,1.6241,1.616,1.6273,1.5894,1.6201,1.7347,1.8517,1.8661,1.7839,1.841,1.8689
Sweden,SWE,23.887,22.248,21.5199,24.6643,22.8998,23.9958,23.3382,21.151,20.7444,21.2983,19.338,16.1117,14.2203,12.9144,12.5753,12.937,12.2664,11.9811,11.41,10.8539,11.8784,11.3543,13.2757,14.3562,14.6473,14.8012,15.2551,14.0998,14.152,14.2769,13.6289,12.1953,12.5767,12.2166,12.2826,10.7649,9.8238,9.8498,9.3688,6.8908,8.9392,8.6137,7.8983,7.4203,6.973,7.1792,6.8356,6.9013,6.907,7.0175,6.5558,6.4137,6.2111
Eswatini,SWZ,0.044,0.044,0.044,0.044,0.044,0.0503,0.0503,0.0503,0.2026,0.1973,0.2277,0.1921,0.1947,0.1107,0.1579,0.2131,0.1999,0.1962,0.2057,0.202,0.2508,0.2508,0.1489,0.1551,0.7158,0.7189,0.6015,0.489,0.489,0.5238,0.3295,0.387,0.3205,0.2438,0.2312,0.2186,0.2155,0.2204,0.2285,0.1868,0.1196,0.0927,0.1269,0.1147,0.1257,0.2215,0.3109,0.2827,0.2827,0.2553,0.2506,0.2708,0.3249
Seychelles,SYC,0.0464,0.0464,0.0469,0.0464,0.0512,0.0507,0.0424,0.0366,0.0387,0.0478,0.042,0.0305,0.0195,0.0379,0.0335,0.0386,0.0422,0.1007,0.1078,0.0955,0.0277,0.041,0.0348,0.0328,0.0341,0.034,0.0383,0.0415,0.0416,0.04,0.0921,0.0923,0.0819,0.0871,0.1221,0.1152,0.136,0.1173,0.1251,0.1262,0.1441,0.1369,0.1503,0.1191,0.151,0.1708,0.1595,0.1834,0.1887,0.2019,0.2046,0.2135,0.217
Syrian Arab Republic,SYR,1.6302,1.6302,0.9585,0.7903,2.8986,3.2401,3.5944,4.1026,3.9982,6.3815,4.4666,4.565,5.0559,5.5355,5.8166,5.9416,5.7355,5.9277,5.517,2.9257,2.9706,3.6677,3.9057,4.2281,4.638,4.9758,5.3181,4.8375,6.0745,5.8219,5.3655,5.5554,5.3474,5.7334,4.4999,6.3144,6.8849,7.5309,7.5873,6.0259,7.3472,6.5648,5.0138,3.2349,3.0034,2.6655,2.4101,2.5335,3.1423,2.7749,2.5112,2.5899,2.6991
Turks and Caicos Islands,TCA,0,0,0,0,0,0,0,0,0,0,0,0.0001,0,0,0.0001,0.0001,0.0001,0.0001,0.0001,0.0001,0.0002,0.0002,0.0002,0.0002,0.0002,0.0002,0.0002,0.0002,0.0002,0.0002,0.0005,0.0005,0.0016,0.0015,0.0014,0.0014,0.0015,0.0015,0.0013,0.002,0.0021,0.0024,0.0031,0.0041,0.0047,0.0044,0.0044,0.0042,0.0049,0.0054,0.0046,0.0044,0.0046
Chad,TCD,0.0618,0.0618,0.0625,0.0618,0.0683,0.0676,0.0565,0.0487,0.0516,0.0638,0.0559,0.0483,0.0337,0.0379,0.0151,0.0202,0.0402,0.0812,0.0349,0.0327,0.0222,0.0285,0.0244,0.0107,0.0121,0.0116,0.0131,0.0145,0.0145,0.014,0.0259,0.0231,0.0232,0.0246,0.0258,0.029,0.0328,0.038,0.0391,0.0397,0.0555,0.0899,0.1509,0.1376,0.1551,0.1716,0.1417,0.243,0.3055,0.3386,0.2951,0.3088,0.2882
East Asia & Pacific (IDA & IBRD countries),TEA,406.9322,406.9322,428.7963,439.2553,453.6222,526.7332,557.1824,632.9984,692.4084,685.388,658.4705,639.8374,670.5728,707.0207,770.486,716.7084,749.3223,797.4096,837.4951,833.9108,821.9379,857.4758,892.088,955.9443,1007.731,1195.5688,1100.9049,1099.2483,1152.0472,1016.0382,1047.3943,1111.334,1152.7051,1313.0653,1692.0547,2136.9009,2315.3862,2515.1871,2643.82,2831.3812,3111.2667,3276.3094,3304.9491,3295.5995,3337.9599,3239.1248,3072.0925,2942.0368,3065.7046,3121.0594,3223.324,3356.347,3411.7019
Europe & Central Asia (IDA & IBRD countries),TEC,451.0072,489.483,512.5752,539.1405,561.7609,594.0138,620.1709,647.3866,685.891,700.5279,735.1073,698.4539,667.2163,640.9431,632.8728,593.868,585.5094,609.2076,627.0395,619.9201,737.8372,685.6254,605.868,515.9786,437.4334,513.1709,474.2881,449.5032,419.4348,403.4003,429.8675,415.6698,422.4419,433.8687,441.2125,418.224,419.5116,454.2129,445.1114,391.5663,425.8364,453.5063,483.6176,473.4109,474.4342,452.8286,459.6369,477.7512,471.8667,492.3074,487.8165,521.2333,485.4049
Togo,TGO,0,0,0,0,0,0,0,0,0,0,0,0,0,0,0,0,0,0,0,0,0.0249,0.0591,0.0124,0,0.112,0.0653,0.1587,0.0996,0.1151,0.3018,0.2645,0.2055,0.196,0.1525,0.1713,0.0935,0.0749,0.0375,0.0655,0.1495,0.2304,0.2024,0.1464,0.2654,0.2889,0.0314,0.1203,0.028,0.1136,0.1564,0.1563,0.169,0.1769
Thailand,THA,4.3898,4.3898,4.8455,5.1943,4.558,4.9787,5.4966,5.9126,6.2922,7.0089,6.8656,6.5502,6.2783,6.1643,6.7479,7.2814,7.4276,8.6253,9.8903,12.1615,14.7393,16.4227,19.1147,23.5105,27.7914,31.8316,35.9051,32.8575,28.1229,31.371,30.8018,33.6501,37.7934,38.1527,43.2383,45.636,48.3948,41.1802,45.5324,44.7705,49.9337,44.1418,48.6934,50.5626,50.3955,57.3231,51.9052,53.0975,48.168,53.5723,55.0937,56.0426,53.8732
Tajikistan,TJK,0,0,0,0,0,0,0,0,0,0,0,0,0,0,0,0,0,0,0,0,0,0,0,0,0,0,0,0,0,0,0,0,0,0,0,0,0,0,0,0,0,0,0.1022,0.0712,0.0526,0.0588,0.7403,1.1755,1.5827,1.6153,1.3106,1.4338,1.408
Turkmenistan,TKM,0.6508,0.722,0.7666,0.8101,0.846,0.8791,0.9051,0.9352,0.9852,1.0138,1.0493,1.0063,0.9526,0.8991,0.8703,0.8215,0.802,0.8431,0.8594,0.8415,0.7329,0.6591,0.3298,0.4684,0.6363,0.6703,0.542,0.5532,0.5237,0.6408,0.6521,0.5325,0.3795,0.5894,0.8072,0.7794,0.8237,0.8028,1.0473,1.4797,1.5235,1.8595,1.769,1.1722,0.8492,0.8492,0.8492,0.8492,0.8492,0.8492,0.8492,0.9113,0.932
Latin America & the Caribbean (IDA & IBRD countries),TLA,102.6789,102.6789,107.2702,119.1042,128.0147,135.0259,148.963,154.6872,166.333,176.3786,177.4274,167.1977,165.9464,165.6485,165.478,168.2142,164.1537,180.4541,174.932,180.8522,174.8682,180.4436,180.1777,183.8388,191.626,197.1023,214.5575,227.5504,227.4115,219.0771,229.2163,223.9168,232.6362,233.6971,245.9492,250.3183,258.949,251.1848,257.3797,227.6104,272.0151,291.8677,277.3284,284.5265,274.5112,264.8313,244.7037,256.8287,239.4852,231.8795,215.1908,226.7127,228.2973
Timor-Leste,TLS,0,0,0,0,0,0,0,0,0,0,0,0,0,0,0,0,0,0,0,0,0,0,0,0,0,0,0,0,0,0,0,0,0,0.0249,0.0288,0.0284,0.0281,0.0316,0.0313,0.0281,0.0303,0.0303,0.0334,0.0596,0.0673,0.0608,0.0621,0.0655,0.0711,0.076,0.059,0.0616,0.0626
Middle East & North Africa (IDA & IBRD countries),TMN,27.2309,27.2309,29.6664,31.032,36.7464,41.023,46.8331,49.9596,50.6266,59.084,55.7823,59.0409,65.4824,69.3614,73.6403,77.5268,73.9548,82.825,84.3581,92.0121,92.9672,99.6227,102.9839,96.7239,96.5851,101.8159,99.0224,104.9873,100.1824,107.7548,107.671,116.9409,114.5547,115.2759,116.4375,135.0664,139.3901,160.585,163.1264,155.8343,163.6353,163.4812,166.5362,168.9924,169.1639,158.3925,163.5074,175.8885,185.1375,177.8148,171.4174,182.7413,184.1781
Tonga,TON,0.0004,0.0004,0.0005,0.0005,0.0006,0.0005,0.0005,0.001,0.0009,0.0013,0.001,0.0033,0.0021,0.0018,0.0016,0.0022,0.0012,0.0029,0.0035,0.0039,0.0042,0.0044,0.0048,0.0048,0.011,0.0106,0.012,0.012,0.0126,0.0153,0.017,0.0143,0.0166,0.0191,0.0188,0.0196,0.0215,0.0198,0.0194,0.017,0.016,0.0146,0.0135,0.0153,0.0165,0.0159,0.0173,0.0216,0.0203,0.0251,0.0195,0.0203,0.0206
South Asia (IDA & IBRD),TSA,70.1134,70.1134,74.0351,73.3924,79.4079,86.5599,91.3289,94.0843,92.2301,93.5706,93.647,100.1643,114.2346,114.7974,125.8491,127.8299,147.6959,152.1318,155.5766,166.4208,169.0629,171.7263,177.8296,177.4956,187.8474,183.0974,182.6283,199.4077,209.0825,215.651,219.8752,223.2866,239.2796,235.9364,248.8812,276.9877,308.1241,348.668,357.8714,407.2392,449.8037,496.8337,483.5733,519.2095,555.6214,564.6152,592.4393,633.888,648.769,618.7168,569.9758,630.4595,651.1543
Sub-Saharan Africa (IDA & IBRD countries),TSS,58.9712,58.9712,60.8281,69.387,69.1671,71.4596,80.121,81.2925,80.6917,84.0323,88.5342,92.1233,82.7308,73.1047,71.5837,74.4909,72.3779,75.1858,77.6506,73.693,74.1883,68.4032,62.7235,54.3904,53.8079,54.6348,59.5832,63.0987,65.7333,60.4556,60.1786,56.0434,59.8483,66.3395,74.1857,77.983,75.9383,71.74,71.7548,87.6443,80.6783,81.254,81.7886,87.2722,93.2192,90.1021,90.5978,86.6538,96.5294,94.5074,90.0148,92.7727,91.7708
Trinidad and Tobago,TTO,0.2003,0.2003,0.2409,0.2534,0.2806,0.2665,0.215,0.3034,0.2927,0.2926,0.3122,0.3126,0.6077,0.584,0.5403,0.4645,0.6071,0.7248,1.5491,1.6407,1.7089,1.2343,1.268,1.1945,1.3773,1.5286,1.6503,1.7752,1.7791,1.8704,2.0118,2.5611,2.4755,2.736,2.64,3.0926,2.7236,3.582,3.0426,2.5729,3.3684,3.2778,3.3473,3.3774,3.3629,2.8701,2.0152,2.0704,1.9285,2.0014,1.6875,1.7124,1.6627
Tunisia,TUN,0.9856,0.9856,1.1561,1.1283,1.3795,1.3183,1.2692,1.5126,1.5752,2.0673,2.058,2.0579,1.772,2.2522,2.3544,2.4793,2.5027,2.1824,2.4836,3.1569,3.3874,3.0838,3.4145,3.0868,2.9046,2.9271,3.1395,3.1553,3.3057,3.3081,3.6237,3.7216,3.6632,4.3949,4.6281,4.572,5.0062,5.0185,5.0322,4.4235,4.62,4.236,4.6594,4.7855,5.3451,5.3511,5.1937,5.1756,4.8887,4.9197,4.4315,5.4831,5.5781
Turkiye,TUR,6.9924,8.2371,11.2483,11.608,11.7207,13.3392,15.3151,16.2142,19.7275,18.8726,20.7751,19.9545,21.0549,22.1242,24.454,23.3099,22.2327,26.6012,28.2528,29.7942,32.7604,34.5727,33.1593,33.163,30.3418,33.6878,42.0751,45.5148,46.9974,41.3611,58.0282,42.4275,53.0949,59.9542,58.6114,54.958,63.0871,62.9214,37.5313,41.6152,48.683,52.0817,54.092,46.4785,47.9816,50.6114,51.0559,68.7882,72.693,67.0847,73.3746,80.4435,78.4136
Tanzania,TZA,0.2366,0.2366,0.2459,0.33,0.2491,0.1681,0.2272,0.1713,0.2827,0.2982,0.2701,0.2825,0.2732,0.2786,0.292,0.3508,0.3208,0.309,0.3122,0.3253,0.337,0.3495,0.3495,0.3981,0.3932,0.3744,0.3694,0.3347,0.4108,0.4619,0.4719,0.399,0.3875,0.3873,0.4037,0.4502,0.4578,0.4484,0.4233,0.404,0.4429,0.8102,0.7969,0.9864,1.4368,1.5546,1.3032,1.8332,1.9416,2.1387,2.0855,2.2669,2.4559
Uganda,UGA,0.437,0.437,0.437,0.3657,0.3876,0.341,0.3412,0.3158,0.2034,0.2593,0.1691,0.1378,0.1316,0.1535,0.1191,0.1161,0.116,0.1285,0.1411,0.1255,0.1347,0.1348,0.1379,0.1567,0.1347,0.1754,0.1878,0.2066,0.2379,0.2567,0.2412,0.2223,0.2902,0.3306,0.349,0.4935,0.5001,0.6377,0.5564,0.5639,0.6053,0.6247,0.7093,0.7552,0.8389,1.0727,1.0462,1.0876,1.1726,1.1808,1.1514,1.2543,1.2824
Ukraine,UKR,104.7808,116.2458,123.4246,130.438,136.2147,141.538,145.7274,150.5668,158.6211,163.2243,168.9374,162.0273,153.3662,144.7582,140.1175,132.2591,129.1235,135.745,138.3609,135.4792,195.0623,196.8009,188.6848,132.8311,97.2978,98.1699,87.2175,83.4085,78.9908,81.0237,80.7933,88.1615,88.7606,97.7835,96.3673,75.2304,81.819,83.9085,75.5787,56.2052,61.3218,65.1463,60.4957,56.9223,55.5182,41.7602,37.6427,31.4066,35.6074,35.348,35.1625,34.3884,20.469
Upper middle income,UMC,746.7397,767.6735,809.365,849.8555,887.1064,980.9349,1042.65,1136.8895,1226.2114,1238.6322,1221.6459,1188.3094,1198.9752,1215.19,1274.4032,1210.5653,1228.8447,1310.7364,1355.2733,1354.365,1420.2904,1468.2724,1470.7544,1445.3117,1451.5156,1641.6308,1542.9765,1548.7939,1599.857,1450.8239,1495.5326,1544.7407,1596.7097,1775.6951,2178.6005,2617.9033,2810.3077,3036.2218,3157.8751,3299.0223,3614.4721,3812.1629,3827.4995,3824.0892,3832.7658,3719.3271,3532.4393,3420.7146,3526.0846,3555.6403,3627.6576,3779.3999,3820.0909
Uruguay,URY,1.2234,1.2234,1.1987,1.218,1.2026,1.2461,1.2816,1.2734,1.2485,1.3396,1.236,1.0528,0.8486,0.7821,0.682,0.5464,0.6031,0.6219,0.6159,0.5812,0.5592,0.575,0.585,0.5402,0.4928,0.4976,0.6765,0.8008,0.8204,0.7974,0.7058,0.6269,0.5566,0.5886,0.6141,0.626,0.5891,0.6456,0.6971,0.6495,0.5785,0.654,0.6441,0.7227,0.8288,0.8079,0.8811,0.8196,0.9077,0.8384,0.8261,1.0365,1.0365
United States,USA,1104.1094,891.7464,911.7717,943.1653,885.2978,754.3649,801.8997,856.1171,826.3403,898.2268,857.9801,837.271,710.4871,645.3532,708.956,703.0827,675.8952,691.4337,716.4661,671.9414,604.4447,566.877,517.6393,532.4218,534.8524,486.8017,485.9246,506.7299,512.7422,499.3623,567.1249,540.0108,490.816,485.416,511.6738,477.3253,495.8157,486.0106,474.7671,407.5382,466.3256,435.6929,438.5726,434.8862,437.2563,433.8849,439.0239,429.4054,454.0616,439.0522,437.7491,452.8352,466.888
Uzbekistan,UZB,0.2958,0.3281,0.3484,0.3682,0.3845,0.3995,0.4114,0.425,0.4478,0.4608,0.4769,0.4574,0.4329,0.4086,0.3955,0.3734,0.3645,0.3832,0.3906,0.3824,0.4116,0.3872,0.3049,0.2653,0.2287,13.5808,10.5355,7.8212,15.8115,16.3239,16.8861,17.0253,17.8027,16.9953,16.9392,16.1811,16.8678,16.3632,17.0081,15.0952,17.3511,17.5553,14.1103,12.9473,11.2141,9.9602,10.7219,11.8561,11.4307,12.9823,11.6094,12.2367,12.7861
St. Vincent and the Grenadines,VCT,0.0001,0.0001,0.0001,0.0001,0.0001,0.0001,0.0001,0.0001,0.0001,0.0001,0.0001,0.0002,0.0001,0.0002,0.0002,0.0002,0.0003,0.0002,0.0003,0.0006,0.0014,0.0012,0.0012,0.0009,0.0016,0.0019,0.0016,0.0018,0.002,0.0021,0.0011,0.0014,0.0035,0.0032,0.0032,0.0027,0.0026,0.0023,0.0018,0.0037,0.0028,0.003,0.0046,0.005,0.0057,0.0052,0.0051,0.0052,0.0055,0.0051,0.0043,0.0041,0.0043
"Venezuela, RB",VEN,7.2474,7.2474,8.4209,10.9326,10.7602,11.0858,12.4366,14.5768,12.9399,17.1685,18.7354,16.8649,17.7846,16.5992,18.2753,19.2684,18.756,21.3012,19.633,22.1138,23.5145,25.0719,22.7513,25.7908,25.9002,28.1295,30.8111,32.2088,31.6913,25.3278,24.6481,25.6784,29.0943,29.7949,32.5696,32.1741,29.4405,14.5819,19.7826,21.1226,36.3379,34.1922,36.1906,32.7231,29.5107,18.4581,16.9074,17.8223,17.3696,9.7479,8.3716,10.1752,11.1313
British Virgin Islands,VGB,0.0001,0.0001,0.0001,0.0001,0.0001,0.0001,0.0001,0.0001,0.0001,0.0001,0.0001,0.0002,0.0001,0.0002,0.0001,0.0001,0.0001,0.0003,0.0003,0.0004,0.0009,0.0008,0.0007,0.0006,0.0006,0.0006,0.0008,0.0007,0.0007,0.0008,0.0007,0.0008,0.0019,0.0018,0.0018,0.0015,0.0016,0.0014,0.0012,0.0019,0.002,0.0024,0.003,0.004,0.0043,0.004,0.0039,0.0032,0.0047,0.004,0.0034,0.0032,0.0034
Viet Nam,VNM,0.0029,0.0029,0.0029,0.0029,0,0.0287,0.1203,0.0602,0.0805,0.0145,5.2899,5.1901,5.7337,6.5751,7.2571,7.2013,7.8938,8.6093,6.5768,6.2179,5.6608,6.2528,6.7678,7.2113,7.3851,10.4364,10.9994,13.1839,13.7042,13.7506,14.4396,16.4407,18.3299,19.6361,22.7897,24.062,24.1481,26.8594,35.353,38.9491,41.5718,43.322,42.7383,45.985,51.1315,33.2866,34.9775,36.4282,57.6841,71.2204,91.8744,89.6304,85.8618
Vanuatu,VUT,0.0017,0.0017,0.0021,0.002,0.0024,0.0021,0.0021,0.0039,0.0037,0.0051,0.0039,0.0077,0.0048,0.0042,0.0038,0.0057,0.0046,0.0044,0.0055,0.0045,0.0048,0.0044,0.0026,0.0025,0.0043,0.0046,0.0046,0.0044,0.0045,0.0055,0.0142,0.0147,0.0152,0.017,0.0146,0.0144,0.0129,0.0227,0.0201,0.0187,0.0196,0.0218,0.0169,0.0193,0.0219,0.0188,0.02,0.0232,0.032,0.0327,0.0254,0.0265,0.0269
Samoa,WSM,0.0015,0.0015,0.0018,0.0018,0.0021,0.0018,0.0018,0.0034,0.0033,0.0045,0.0034,0.0077,0.0055,0.0048,0.0054,0.0057,0.0043,0.0047,0.0046,0.0054,0.0058,0.0059,0.006,0.0067,0.0114,0.0121,0.0121,0.0116,0.012,0.0146,0.0317,0.0303,0.0329,0.0326,0.0353,0.0352,0.0354,0.0413,0.0382,0.0323,0.0334,0.0326,0.0307,0.0358,0.0359,0.0388,0.0429,0.0442,0.0462,0.0534,0.0414,0.0433,0.044
"Yemen, Rep.",YEM,0,0,0,0,0,0,0,0,0,0,0,0,0,0,0,0,0,0,0,0,0,0,0,0,0,0.5294,0.616,0.7187,0.8374,0.9754,1.1358,1.2642,1.4855,2.3837,2.5169,2.6874,2.6261,2.8886,3.2136,3.0875,3.031,2.6167,2.2731,3.417,3.3882,1.2295,0.8943,0.8356,1.2783,1.2828,1.1032,1.3929,1.4352
South Africa,ZAF,44.1011,44.1011,45.5732,51.7379,52.1377,54.5621,61.2391,63.8557,62.743,66.3967,70.4016,72.8501,64.1744,55.021,55.041,56.9137,55.6335,57.1066,59.0017,54.9957,54.122,48.8326,42.8877,35.4177,36.361,37.1817,41.335,45.0484,47.5623,40.8254,40.5493,36.527,39.8224,42.1145,49.0922,52.9783,49.1389,42.7453,43.8824,61.0956,51.4634,44.5364,45.5964,51.623,53.3697,49.2802,49.0579,46.1135,54.2449,51.8837,48.1918,47.9944,45.7387
Zambia,ZMB,2.1131,2.1131,2.4549,2.6708,2.6509,2.7598,2.7314,2.3944,2.347,2.0793,1.8007,1.5475,1.5598,1.4537,1.4265,1.4561,1.5798,1.4459,1.596,1.7,1.2896,1.3504,1.3648,1.3281,0.8729,0.7779,0.6598,1.005,0.9612,0.6929,0.6652,0.7068,0.7375,0.7847,0.7323,0.8302,0.6825,0.6611,0.7369,0.7652,0.7268,0.9749,1.4987,1.4284,1.4864,1.5462,1.535,1.6201,1.5537,1.1834,1.3186,1.4222,1.4909
Zimbabwe,ZWE,2.6908,2.6908,2.2404,3.1169,2.3589,2.6503,3.3106,2.871,3.1459,3.0974,3.4269,3.8531,3.7895,3.6789,3.1789,3.3145,3.1928,3.374,3.3157,3.5271,4.7417,4.9893,4.6028,3.8646,2.3957,2.6293,2.5036,2.2825,2.3924,3.1013,2.9205,2.4444,2.2114,2.0167,1.5221,1.5914,2.0715,2.268,1.3799,0.6178,1.2134,1.4592,1.9227,1.0167,1.0425,1.0599,1.0576,1.0867,1.1428,1.0797,1.0128,1.0736,1.1744
